id,image_id,category_id,iscrowd,area,bbox_x,bbox_y,bbox_w,bbox_h,bbox_area,aspect_ratio,class_name
1,0,4,0,39396,195.0,95.0,201.0,196.0,39396.0,1.026,Melanoma
2,1,4,0,59750,154.0,114.0,239.0,250.0,59750.0,0.956,Melanoma
3,2,4,0,84227,139.0,6.0,209.0,403.0,84227.0,0.519,Melanoma
4,3,4,0,58729,13.0,3.0,281.0,209.0,58729.0,1.344,Melanoma
5,4,4,0,1763,156.0,136.0,41.0,43.0,1763.0,0.953,Melanoma
6,5,3,0,17380,405.0,265.0,158.0,110.0,17380.0,1.436,Hives
7,6,4,0,12168,100.0,65.0,117.0,104.0,12168.0,1.125,Melanoma
8,7,4,0,4158,127.0,89.0,66.0,63.0,4158.0,1.048,Melanoma
9,8,3,0,76443,90.0,76.0,307.0,249.0,76443.0,1.233,Hives
10,9,2,0,83790,52.0,453.0,315.0,266.0,83790.0,1.184,Eczema
11,9,2,0,88779,101.0,38.0,293.0,303.0,88779.0,0.967,Eczema
12,10,4,0,101598,94.0,72.0,287.0,354.0,101598.0,0.811,Melanoma
13,11,4,0,806,111.0,15.0,31.0,26.0,806.0,1.192,Melanoma
14,11,4,0,576,14.0,12.0,24.0,24.0,576.0,1.0,Melanoma
15,11,4,0,462,116.0,159.0,22.0,21.0,462.0,1.048,Melanoma
16,11,4,0,702,254.0,78.0,27.0,26.0,702.0,1.038,Melanoma
17,11,4,0,1287,255.0,21.0,39.0,33.0,1287.0,1.182,Melanoma
18,11,4,0,360,180.0,106.0,18.0,20.0,360.0,0.9,Melanoma
19,11,4,0,221,247.0,209.0,17.0,13.0,221.0,1.308,Melanoma
20,11,4,0,644,62.0,153.0,23.0,28.0,644.0,0.821,Melanoma
21,12,3,0,76362,173.0,49.0,429.0,178.0,76362.0,2.41,Hives
22,13,4,0,156695,123.0,34.0,385.0,407.0,156695.0,0.946,Melanoma
23,14,4,0,22632,43.0,34.0,164.0,138.0,22632.0,1.188,Melanoma
24,15,4,0,5512,101.0,55.0,106.0,52.0,5512.0,2.038,Melanoma
25,16,1,0,18532,234.0,352.0,226.0,82.0,18532.0,2.756,ChickenPox
26,16,1,0,9052,326.0,499.0,124.0,73.0,9052.0,1.699,ChickenPox
27,17,4,0,29964,157.0,167.0,227.0,132.0,29964.0,1.72,Melanoma
28,18,3,0,110554,0.0,247.0,662.0,167.0,110554.0,3.964,Hives
29,18,3,0,82524,85.0,70.0,529.0,156.0,82524.0,3.391,Hives
30,19,4,0,77861,147.0,71.0,227.0,343.0,77861.0,0.662,Melanoma
31,20,4,0,21168,52.0,77.0,189.0,112.0,21168.0,1.688,Melanoma
32,21,4,0,28000,104.0,113.0,160.0,175.0,28000.0,0.914,Melanoma
33,22,3,0,137608,13.0,7.0,412.0,334.0,137608.0,1.234,Hives
34,23,4,0,2640,77.0,25.0,44.0,60.0,2640.0,0.733,Melanoma
35,24,4,0,49841,158.0,132.0,197.0,253.0,49841.0,0.779,Melanoma
36,25,3,0,58292,45.0,99.0,494.0,118.0,58292.0,4.186,Hives
37,26,1,0,381728,0.0,0.0,604.0,632.0,381728.0,0.956,ChickenPox
38,27,4,0,31752,27.0,316.0,162.0,196.0,31752.0,0.827,Melanoma
39,28,4,0,20640,64.0,43.0,160.0,129.0,20640.0,1.24,Melanoma
40,29,2,0,106488,379.0,26.0,261.0,408.0,106488.0,0.64,Eczema
41,29,2,0,130339,85.0,22.0,289.0,451.0,130339.0,0.641,Eczema
42,30,1,0,824418,0.0,0.0,1134.0,727.0,824418.0,1.56,ChickenPox
43,31,2,0,123246,90.0,385.0,369.0,334.0,123246.0,1.105,Eczema
44,31,2,0,94944,80.0,77.0,344.0,276.0,94944.0,1.246,Eczema
45,32,4,0,8832,113.0,79.0,96.0,92.0,8832.0,1.043,Melanoma
46,33,4,0,65286,250.0,55.0,234.0,279.0,65286.0,0.839,Melanoma
47,34,2,0,108108,334.0,77.0,286.0,378.0,108108.0,0.757,Eczema
48,35,4,0,8188,77.0,81.0,92.0,89.0,8188.0,1.034,Melanoma
49,36,2,0,198690,146.0,101.0,555.0,358.0,198690.0,1.55,Eczema
50,37,3,0,100128,113.0,2.0,298.0,336.0,100128.0,0.887,Hives
51,38,3,0,72924,100.0,123.0,354.0,206.0,72924.0,1.718,Hives
52,39,4,0,43968,158.0,143.0,229.0,192.0,43968.0,1.193,Melanoma
53,40,2,0,51221,211.0,97.0,391.0,131.0,51221.0,2.985,Eczema
54,40,2,0,33335,240.0,262.0,295.0,113.0,33335.0,2.611,Eczema
55,41,1,0,359454,0.0,37.0,417.0,862.0,359454.0,0.484,ChickenPox
56,42,1,0,223510,0.0,95.0,721.0,310.0,223510.0,2.326,ChickenPox
57,43,4,0,14632,86.0,64.0,118.0,124.0,14632.0,0.952,Melanoma
58,44,2,0,72580,165.0,258.0,380.0,191.0,72580.0,1.99,Eczema
59,44,2,0,79516,172.0,21.0,386.0,206.0,79516.0,1.874,Eczema
60,45,2,0,226176,98.0,46.0,608.0,372.0,226176.0,1.634,Eczema
61,46,2,0,211320,45.0,0.0,360.0,587.0,211320.0,0.613,Eczema
62,47,3,0,81812,7.0,9.0,362.0,226.0,81812.0,1.602,Hives
63,48,2,0,81189,113.0,59.0,291.0,279.0,81189.0,1.043,Eczema
64,49,3,0,86346,36.0,56.0,533.0,162.0,86346.0,3.29,Hives
65,50,2,0,117855,0.0,66.0,405.0,291.0,117855.0,1.392,Eczema
66,51,1,0,40280,35.0,13.0,190.0,212.0,40280.0,0.896,ChickenPox
67,52,3,0,12350,255.0,238.0,95.0,130.0,12350.0,0.731,Hives
68,52,3,0,8904,90.0,312.0,159.0,56.0,8904.0,2.839,Hives
69,52,3,0,16512,166.0,174.0,129.0,128.0,16512.0,1.008,Hives
70,52,3,0,5670,73.0,267.0,81.0,70.0,5670.0,1.157,Hives
71,52,3,0,49820,98.0,0.0,235.0,212.0,49820.0,1.108,Hives
72,53,1,0,1537925,80.0,86.0,1135.0,1355.0,1537925.0,0.838,ChickenPox
73,54,4,0,27540,206.0,180.0,162.0,170.0,27540.0,0.953,Melanoma
74,55,2,0,33785,127.0,380.0,145.0,233.0,33785.0,0.622,Eczema
75,55,2,0,34314,323.0,86.0,129.0,266.0,34314.0,0.485,Eczema
76,55,2,0,51000,139.0,1.0,150.0,340.0,51000.0,0.441,Eczema
77,55,2,0,20740,0.0,107.0,122.0,170.0,20740.0,0.718,Eczema
78,56,1,0,37120,0.0,894.0,464.0,80.0,37120.0,5.8,ChickenPox
79,56,1,0,104859,0.0,595.0,573.0,183.0,104859.0,3.131,ChickenPox
80,56,1,0,206628,112.0,234.0,402.0,514.0,206628.0,0.782,ChickenPox
81,56,1,0,38055,327.0,498.0,177.0,215.0,38055.0,0.823,ChickenPox
82,57,2,0,66030,130.0,259.0,465.0,142.0,66030.0,3.275,Eczema
83,57,2,0,70533,153.0,68.0,461.0,153.0,70533.0,3.013,Eczema
84,58,2,0,248625,21.0,61.0,663.0,375.0,248625.0,1.768,Eczema
85,59,2,0,76140,146.0,38.0,405.0,188.0,76140.0,2.154,Eczema
86,59,2,0,77226,209.0,257.0,422.0,183.0,77226.0,2.306,Eczema
87,60,2,0,334800,0.0,2.0,720.0,465.0,334800.0,1.548,Eczema
88,61,1,0,1450,53.0,87.0,29.0,50.0,1450.0,0.58,ChickenPox
89,61,1,0,900,131.0,104.0,30.0,30.0,900.0,1.0,ChickenPox
90,62,2,0,5782,295.0,152.0,49.0,118.0,5782.0,0.415,Eczema
91,63,1,0,1845,116.0,109.0,41.0,45.0,1845.0,0.911,ChickenPox
92,63,1,0,2332,120.0,180.0,53.0,44.0,2332.0,1.205,ChickenPox
93,63,1,0,494,191.0,135.0,19.0,26.0,494.0,0.731,ChickenPox
94,63,1,0,384,202.0,94.0,16.0,24.0,384.0,0.667,ChickenPox
95,63,1,0,3480,0.0,184.0,87.0,40.0,3480.0,2.175,ChickenPox
96,64,3,0,26730,13.0,180.0,165.0,162.0,26730.0,1.019,Hives
97,65,4,0,2898,90.0,69.0,46.0,63.0,2898.0,0.73,Melanoma
98,66,2,0,91044,63.0,75.0,281.0,324.0,91044.0,0.867,Eczema
99,67,2,0,259500,27.0,32.0,692.0,375.0,259500.0,1.845,Eczema
100,68,2,0,165390,29.0,349.0,447.0,370.0,165390.0,1.208,Eczema
101,68,2,0,73290,229.0,0.0,210.0,349.0,73290.0,0.602,Eczema
102,68,2,0,62445,42.0,0.0,181.0,345.0,62445.0,0.525,Eczema
103,69,3,0,84915,44.0,83.0,629.0,135.0,84915.0,4.659,Hives
104,70,3,0,76059,109.0,385.0,313.0,243.0,76059.0,1.288,Hives
105,71,2,0,37248,307.0,269.0,291.0,128.0,37248.0,2.273,Eczema
106,72,1,0,351378,142.0,170.0,482.0,729.0,351378.0,0.661,ChickenPox
107,73,2,0,345600,0.0,0.0,720.0,480.0,345600.0,1.5,Eczema
108,74,2,0,345600,0.0,0.0,720.0,480.0,345600.0,1.5,Eczema
109,75,2,0,55328,143.0,251.0,532.0,104.0,55328.0,5.115,Eczema
110,76,1,0,1908005,441.0,0.0,1243.0,1535.0,1908005.0,0.81,ChickenPox
111,77,1,0,21432,3.0,34.0,152.0,141.0,21432.0,1.078,ChickenPox
112,78,4,0,21442,101.0,38.0,151.0,142.0,21442.0,1.063,Melanoma
113,79,1,0,109710,0.0,592.0,530.0,207.0,109710.0,2.56,ChickenPox
114,79,1,0,162582,46.0,64.0,343.0,474.0,162582.0,0.724,ChickenPox
115,80,2,0,25584,57.0,31.0,164.0,156.0,25584.0,1.051,Eczema
116,81,2,0,337211,0.0,10.0,719.0,469.0,337211.0,1.533,Eczema
117,82,1,0,39200,0.0,259.0,280.0,140.0,39200.0,2.0,ChickenPox
118,82,1,0,30728,25.0,122.0,184.0,167.0,30728.0,1.102,ChickenPox
119,82,1,0,19812,54.0,33.0,156.0,127.0,19812.0,1.228,ChickenPox
120,83,2,0,227915,0.0,0.0,577.0,395.0,227915.0,1.461,Eczema
121,83,2,0,37548,326.0,268.0,252.0,149.0,37548.0,1.691,Eczema
122,84,1,0,165648,71.0,252.0,336.0,493.0,165648.0,0.682,ChickenPox
123,85,3,0,56134,184.0,392.0,254.0,221.0,56134.0,1.149,Hives
124,86,2,0,263610,0.0,36.0,606.0,435.0,263610.0,1.393,Eczema
125,87,2,0,7540,236.0,99.0,65.0,116.0,7540.0,0.56,Eczema
126,88,3,0,60092,224.0,36.0,332.0,181.0,60092.0,1.834,Hives
127,89,2,0,82644,39.0,386.0,388.0,213.0,82644.0,1.822,Eczema
128,89,2,0,135212,37.0,33.0,439.0,308.0,135212.0,1.425,Eczema
129,90,1,0,262961,0.0,460.0,599.0,439.0,262961.0,1.364,ChickenPox
130,90,1,0,35055,150.0,320.0,285.0,123.0,35055.0,2.317,ChickenPox
131,91,2,0,32922,127.0,15.0,186.0,177.0,32922.0,1.051,Eczema
132,92,2,0,229712,62.0,0.0,586.0,392.0,229712.0,1.495,Eczema
133,93,1,0,501420,370.0,50.0,822.0,610.0,501420.0,1.348,ChickenPox
134,94,2,0,212454,4.0,81.0,666.0,319.0,212454.0,2.088,Eczema
135,95,1,0,2156,66.0,58.0,44.0,49.0,2156.0,0.898,ChickenPox
136,95,1,0,1520,88.0,106.0,40.0,38.0,1520.0,1.053,ChickenPox
137,95,1,0,1680,106.0,79.0,42.0,40.0,1680.0,1.05,ChickenPox
138,96,3,0,75900,170.0,77.0,300.0,253.0,75900.0,1.186,Hives
139,97,2,0,9373,260.0,240.0,91.0,103.0,9373.0,0.883,Eczema
140,98,2,0,49266,95.0,264.0,414.0,119.0,49266.0,3.479,Eczema
141,99,2,0,34668,0.0,16.0,214.0,162.0,34668.0,1.321,Eczema
142,100,3,0,142136,23.0,40.0,652.0,218.0,142136.0,2.991,Hives
143,101,2,0,260574,22.0,56.0,634.0,411.0,260574.0,1.543,Eczema
144,102,3,0,40278,201.0,64.0,147.0,274.0,40278.0,0.536,Hives
145,103,3,0,41762,148.0,79.0,157.0,266.0,41762.0,0.59,Hives
146,104,2,0,29715,114.0,240.0,283.0,105.0,29715.0,2.695,Eczema
147,104,2,0,148088,0.0,373.0,428.0,346.0,148088.0,1.237,Eczema
148,105,4,0,2050,141.0,86.0,50.0,41.0,2050.0,1.22,Melanoma
149,106,2,0,50826,18.0,19.0,258.0,197.0,50826.0,1.31,Eczema
150,108,1,0,7304,302.0,495.0,88.0,83.0,7304.0,1.06,ChickenPox
151,108,1,0,25724,240.0,164.0,218.0,118.0,25724.0,1.847,ChickenPox
152,109,1,0,6794,11.0,33.0,86.0,79.0,6794.0,1.089,ChickenPox
153,109,1,0,6405,63.0,119.0,61.0,105.0,6405.0,0.581,ChickenPox
154,110,1,0,858000,26.0,0.0,1040.0,825.0,858000.0,1.261,ChickenPox
155,111,4,0,50592,19.0,15.0,272.0,186.0,50592.0,1.462,Melanoma
156,112,3,0,222720,0.0,0.0,696.0,320.0,222720.0,2.175,Hives
157,113,1,0,153035,105.0,291.0,635.0,241.0,153035.0,2.635,ChickenPox
158,114,2,0,290700,73.0,21.0,646.0,450.0,290700.0,1.436,Eczema
159,115,2,0,25594,410.0,90.0,191.0,134.0,25594.0,1.425,Eczema
160,116,1,0,2160,56.0,179.0,48.0,45.0,2160.0,1.067,ChickenPox
161,116,1,0,3332,111.0,175.0,68.0,49.0,3332.0,1.388,ChickenPox
162,116,1,0,3717,111.0,119.0,63.0,59.0,3717.0,1.068,ChickenPox
163,116,1,0,2000,184.0,156.0,40.0,50.0,2000.0,0.8,ChickenPox
164,117,3,0,3813,176.0,270.0,93.0,41.0,3813.0,2.268,Hives
165,118,1,0,538501,0.0,0.0,599.0,899.0,538501.0,0.666,ChickenPox
166,119,2,0,297424,48.0,12.0,641.0,464.0,297424.0,1.381,Eczema
167,120,2,0,51863,13.0,2.0,239.0,217.0,51863.0,1.101,Eczema
168,121,2,0,286162,0.0,16.0,719.0,398.0,286162.0,1.807,Eczema
169,122,1,0,184815,0.0,74.0,555.0,333.0,184815.0,1.667,ChickenPox
170,123,2,0,39456,168.0,73.0,288.0,137.0,39456.0,2.102,Eczema
171,124,2,0,338649,0.0,0.0,719.0,471.0,338649.0,1.527,Eczema
172,125,1,0,864,106.0,137.0,27.0,32.0,864.0,0.844,ChickenPox
173,125,1,0,450,85.0,195.0,18.0,25.0,450.0,0.72,ChickenPox
174,125,1,0,546,83.0,165.0,21.0,26.0,546.0,0.808,ChickenPox
175,126,2,0,4070,256.0,72.0,37.0,110.0,4070.0,0.336,Eczema
176,126,2,0,6270,53.0,70.0,57.0,110.0,6270.0,0.518,Eczema
177,126,2,0,4750,6.0,89.0,50.0,95.0,4750.0,0.526,Eczema
178,127,2,0,81530,163.0,42.0,263.0,310.0,81530.0,0.848,Eczema
179,127,2,0,177633,0.0,332.0,459.0,387.0,177633.0,1.186,Eczema
180,128,2,0,20332,49.0,0.0,92.0,221.0,20332.0,0.416,Eczema
181,128,2,0,42,104.0,60.0,7.0,6.0,42.0,1.167,Eczema
182,128,2,0,20995,146.0,0.0,95.0,221.0,20995.0,0.43,Eczema
183,129,1,0,133560,491.0,454.0,504.0,265.0,133560.0,1.902,ChickenPox
184,129,1,0,13760,651.0,336.0,160.0,86.0,13760.0,1.86,ChickenPox
185,130,2,0,61344,144.0,72.0,432.0,142.0,61344.0,3.042,Eczema
186,131,1,0,1092289,0.0,288.0,1199.0,911.0,1092289.0,1.316,ChickenPox
187,132,3,0,32226,78.0,386.0,246.0,131.0,32226.0,1.878,Hives
188,133,4,0,69122,157.0,78.0,323.0,214.0,69122.0,1.509,Melanoma
189,134,3,0,69120,77.0,0.0,192.0,360.0,69120.0,0.533,Hives
190,134,3,0,12408,323.0,219.0,88.0,141.0,12408.0,0.624,Hives
191,134,3,0,17888,387.0,156.0,104.0,172.0,17888.0,0.605,Hives
192,134,3,0,20838,326.0,66.0,151.0,138.0,20838.0,1.094,Hives
193,134,3,0,7722,293.0,0.0,54.0,143.0,7722.0,0.378,Hives
194,135,1,0,232065,26.0,407.0,573.0,405.0,232065.0,1.415,ChickenPox
195,136,2,0,27225,8.0,88.0,225.0,121.0,27225.0,1.86,Eczema
196,136,2,0,29274,40.0,25.0,246.0,119.0,29274.0,2.067,Eczema
197,137,2,0,44642,0.0,0.0,202.0,221.0,44642.0,0.914,Eczema
198,137,2,0,6800,213.0,0.0,80.0,85.0,6800.0,0.941,Eczema
199,138,2,0,44200,89.0,0.0,136.0,325.0,44200.0,0.418,Eczema
200,138,2,0,41273,192.0,59.0,149.0,277.0,41273.0,0.538,Eczema
201,138,2,0,39886,311.0,77.0,154.0,259.0,39886.0,0.595,Eczema
202,139,2,0,49446,22.0,20.0,246.0,201.0,49446.0,1.224,Eczema
203,140,1,0,4235,6.0,5.0,55.0,77.0,4235.0,0.714,ChickenPox
204,140,1,0,3990,63.0,42.0,70.0,57.0,3990.0,1.228,ChickenPox
205,140,1,0,5727,141.0,35.0,83.0,69.0,5727.0,1.203,ChickenPox
206,140,1,0,12320,8.0,84.0,88.0,140.0,12320.0,0.629,ChickenPox
207,140,1,0,552,103.0,158.0,24.0,23.0,552.0,1.043,ChickenPox
208,140,1,0,9540,134.0,118.0,90.0,106.0,9540.0,0.849,ChickenPox
209,141,3,0,1968,311.0,109.0,48.0,41.0,1968.0,1.171,Hives
210,141,3,0,3024,53.0,122.0,63.0,48.0,3024.0,1.312,Hives
211,141,3,0,26910,261.0,219.0,195.0,138.0,26910.0,1.413,Hives
212,141,3,0,6080,143.0,264.0,76.0,80.0,6080.0,0.95,Hives
213,141,3,0,33920,0.0,391.0,212.0,160.0,33920.0,1.325,Hives
214,141,3,0,4819,306.0,399.0,79.0,61.0,4819.0,1.295,Hives
215,142,2,0,197685,0.0,50.0,573.0,345.0,197685.0,1.661,Eczema
216,143,3,0,47580,409.0,61.0,305.0,156.0,47580.0,1.955,Hives
217,143,3,0,65688,0.0,268.0,322.0,204.0,65688.0,1.578,Hives
218,143,3,0,57812,0.0,0.0,298.0,194.0,57812.0,1.536,Hives
219,144,2,0,281400,69.0,19.0,402.0,700.0,281400.0,0.574,Eczema
220,144,2,0,5880,33.0,284.0,98.0,60.0,5880.0,1.633,Eczema
221,145,3,0,47817,211.0,262.0,297.0,161.0,47817.0,1.845,Hives
222,146,1,0,174836,192.0,0.0,401.0,436.0,174836.0,0.92,ChickenPox
223,147,3,0,49115,168.0,253.0,517.0,95.0,49115.0,5.442,Hives
224,148,4,0,82600,207.0,140.0,295.0,280.0,82600.0,1.054,Melanoma
225,149,3,0,322245,703.0,10.0,465.0,693.0,322245.0,0.671,Hives
226,149,3,0,77380,474.0,498.0,265.0,292.0,77380.0,0.908,Hives
227,150,3,0,27825,160.0,167.0,175.0,159.0,27825.0,1.101,Hives
228,151,2,0,16830,279.0,132.0,198.0,85.0,16830.0,2.329,Eczema
229,152,2,0,18304,42.0,264.0,128.0,143.0,18304.0,0.895,Eczema
230,152,2,0,18176,210.0,97.0,142.0,128.0,18176.0,1.109,Eczema
231,152,2,0,21560,351.0,72.0,140.0,154.0,21560.0,0.909,Eczema
232,152,2,0,28268,458.0,190.0,148.0,191.0,28268.0,0.775,Eczema
233,153,3,0,95157,70.0,9.0,291.0,327.0,95157.0,0.89,Hives
234,154,2,0,17280,91.0,22.0,90.0,192.0,17280.0,0.469,Eczema
235,155,1,0,525323,0.0,22.0,599.0,877.0,525323.0,0.683,ChickenPox
236,156,3,0,27935,103.0,275.0,185.0,151.0,27935.0,1.225,Hives
237,157,4,0,38989,214.0,268.0,307.0,127.0,38989.0,2.417,Melanoma
238,158,3,0,33660,4.0,48.0,153.0,220.0,33660.0,0.695,Hives
239,158,3,0,14091,0.0,264.0,77.0,183.0,14091.0,0.421,Hives
240,158,3,0,99275,169.0,33.0,209.0,475.0,99275.0,0.44,Hives
241,159,4,0,110760,156.0,95.0,390.0,284.0,110760.0,1.373,Melanoma
242,160,4,0,68382,226.0,128.0,262.0,261.0,68382.0,1.004,Melanoma
243,161,4,0,3968,230.0,59.0,64.0,62.0,3968.0,1.032,Melanoma
244,161,4,0,5964,91.0,108.0,84.0,71.0,5964.0,1.183,Melanoma
245,161,4,0,5082,9.0,76.0,77.0,66.0,5082.0,1.167,Melanoma
246,162,4,0,50112,242.0,107.0,192.0,261.0,50112.0,0.736,Melanoma
247,163,4,0,62499,443.0,220.0,251.0,249.0,62499.0,1.008,Melanoma
248,164,2,0,5120,82.0,70.0,80.0,64.0,5120.0,1.25,Eczema
249,164,2,0,1296,198.0,64.0,24.0,54.0,1296.0,0.444,Eczema
250,165,4,0,331360,192.0,0.0,608.0,545.0,331360.0,1.116,Melanoma
251,166,4,0,12566,89.0,67.0,122.0,103.0,12566.0,1.184,Melanoma
252,167,1,0,17688,3.0,34.0,201.0,88.0,17688.0,2.284,ChickenPox
253,167,1,0,16226,61.0,102.0,133.0,122.0,16226.0,1.09,ChickenPox
254,168,2,0,25742,17.0,2.0,122.0,211.0,25742.0,0.578,Eczema
255,168,2,0,27608,156.0,5.0,136.0,203.0,27608.0,0.67,Eczema
256,169,4,0,54356,193.0,55.0,214.0,254.0,54356.0,0.843,Melanoma
257,169,4,0,18921,524.0,254.0,119.0,159.0,18921.0,0.748,Melanoma
258,169,4,0,28237,96.0,369.0,151.0,187.0,28237.0,0.807,Melanoma
259,170,2,0,71808,81.0,67.0,272.0,264.0,71808.0,1.03,Eczema
260,170,2,0,69030,107.0,394.0,234.0,295.0,69030.0,0.793,Eczema
261,171,2,0,69000,192.0,74.0,500.0,138.0,69000.0,3.623,Eczema
262,171,2,0,90650,128.0,264.0,518.0,175.0,90650.0,2.96,Eczema
263,172,2,0,11682,142.0,116.0,118.0,99.0,11682.0,1.192,Eczema
264,173,4,0,71242,245.0,59.0,179.0,398.0,71242.0,0.45,Melanoma
265,174,2,0,14883,170.0,0.0,123.0,121.0,14883.0,1.017,Eczema
266,174,2,0,64460,0.0,0.0,293.0,220.0,64460.0,1.332,Eczema
267,175,4,0,19040,246.0,177.0,136.0,140.0,19040.0,0.971,Melanoma
268,176,4,0,89271,226.0,57.0,273.0,327.0,89271.0,0.835,Melanoma
269,177,4,0,67510,210.0,150.0,314.0,215.0,67510.0,1.46,Melanoma
270,178,4,0,151263,140.0,31.0,343.0,441.0,151263.0,0.778,Melanoma
271,179,4,0,28773,22.0,45.0,207.0,139.0,28773.0,1.489,Melanoma
272,180,4,0,82626,194.0,83.0,293.0,282.0,82626.0,1.039,Melanoma
273,181,2,0,34650,57.0,10.0,175.0,198.0,34650.0,0.884,Eczema
274,182,1,0,2016,88.0,84.0,48.0,42.0,2016.0,1.143,ChickenPox
275,182,1,0,4070,76.0,0.0,55.0,74.0,4070.0,0.743,ChickenPox
276,182,1,0,2970,22.0,132.0,55.0,54.0,2970.0,1.019,ChickenPox
277,182,1,0,3450,132.0,98.0,69.0,50.0,3450.0,1.38,ChickenPox
278,183,1,0,5874,50.0,28.0,66.0,89.0,5874.0,0.742,ChickenPox
279,183,1,0,5724,114.0,41.0,54.0,106.0,5724.0,0.509,ChickenPox
280,184,2,0,127269,99.0,193.0,537.0,237.0,127269.0,2.266,Eczema
281,185,2,0,389949,0.0,68.0,599.0,651.0,389949.0,0.92,Eczema
282,186,3,0,43416,159.0,79.0,324.0,134.0,43416.0,2.418,Hives
283,187,4,0,44000,207.0,151.0,250.0,176.0,44000.0,1.42,Melanoma
284,188,1,0,9176,56.0,64.0,124.0,74.0,9176.0,1.676,ChickenPox
285,189,4,0,24411,201.0,259.0,309.0,79.0,24411.0,3.911,Melanoma
286,190,2,0,59449,0.0,0.0,269.0,221.0,59449.0,1.217,Eczema
287,191,3,0,38556,93.0,412.0,306.0,126.0,38556.0,2.429,Hives
288,192,4,0,41961,283.0,148.0,197.0,213.0,41961.0,0.925,Melanoma
289,193,4,0,67404,234.0,122.0,274.0,246.0,67404.0,1.114,Melanoma
290,194,2,0,7548,126.0,68.0,102.0,74.0,7548.0,1.378,Eczema
291,195,4,0,212160,74.0,110.0,544.0,390.0,212160.0,1.395,Melanoma
292,196,1,0,843750,0.0,0.0,1125.0,750.0,843750.0,1.5,ChickenPox
293,197,3,0,90552,142.0,0.0,264.0,343.0,90552.0,0.77,Hives
294,197,3,0,48622,148.0,388.0,161.0,302.0,48622.0,0.533,Hives
295,198,4,0,3348,507.0,575.0,62.0,54.0,3348.0,1.148,Melanoma
296,198,4,0,5928,411.0,475.0,76.0,78.0,5928.0,0.974,Melanoma
297,198,4,0,3900,834.0,523.0,60.0,65.0,3900.0,0.923,Melanoma
298,199,2,0,29869,0.0,0.0,251.0,119.0,29869.0,2.109,Eczema
299,199,2,0,24905,0.0,111.0,293.0,85.0,24905.0,3.447,Eczema
300,200,4,0,6097,260.0,334.0,91.0,67.0,6097.0,1.358,Melanoma
301,201,2,0,126814,24.0,23.0,389.0,326.0,126814.0,1.193,Eczema
302,201,2,0,55115,30.0,384.0,365.0,151.0,55115.0,2.417,Eczema
303,202,3,0,286902,123.0,111.0,693.0,414.0,286902.0,1.674,Hives
304,203,4,0,47073,239.0,144.0,221.0,213.0,47073.0,1.038,Melanoma
305,204,4,0,47355,202.0,137.0,205.0,231.0,47355.0,0.887,Melanoma
306,205,2,0,38503,54.0,390.0,277.0,139.0,38503.0,1.993,Eczema
307,205,2,0,57721,48.0,146.0,293.0,197.0,57721.0,1.487,Eczema
308,206,3,0,257400,11.0,169.0,468.0,550.0,257400.0,0.851,Hives
309,207,3,0,15808,322.0,271.0,208.0,76.0,15808.0,2.737,Hives
310,208,1,0,6400,124.0,0.0,80.0,80.0,6400.0,1.0,ChickenPox
311,208,1,0,25080,45.0,72.0,165.0,152.0,25080.0,1.086,ChickenPox
312,209,2,0,58600,0.0,0.0,293.0,200.0,58600.0,1.465,Eczema
313,210,4,0,111800,288.0,223.0,344.0,325.0,111800.0,1.058,Melanoma
314,211,1,0,92303,138.0,237.0,241.0,383.0,92303.0,0.629,ChickenPox
315,212,4,0,41296,482.0,380.0,232.0,178.0,41296.0,1.303,Melanoma
316,213,2,0,34661,23.0,15.0,253.0,137.0,34661.0,1.847,Eczema
317,214,4,0,60885,162.0,264.0,369.0,165.0,60885.0,2.236,Melanoma
318,215,2,0,19300,40.0,2.0,100.0,193.0,19300.0,0.518,Eczema
319,215,2,0,22680,168.0,2.0,105.0,216.0,22680.0,0.486,Eczema
320,216,2,0,5226,114.0,54.0,67.0,78.0,5226.0,0.859,Eczema
321,216,2,0,870,255.0,80.0,30.0,29.0,870.0,1.034,Eczema
322,216,2,0,945,233.0,192.0,35.0,27.0,945.0,1.296,Eczema
323,217,4,0,40913,31.0,32.0,251.0,163.0,40913.0,1.54,Melanoma
324,218,4,0,5767,199.0,109.0,73.0,79.0,5767.0,0.924,Melanoma
325,219,4,0,76028,190.0,114.0,332.0,229.0,76028.0,1.45,Melanoma
326,220,3,0,604800,0.0,0.0,960.0,630.0,604800.0,1.524,Hives
327,221,1,0,434816,237.0,13.0,632.0,688.0,434816.0,0.919,ChickenPox
328,222,4,0,35011,244.0,190.0,223.0,157.0,35011.0,1.42,Melanoma
329,223,2,0,17802,53.0,47.0,207.0,86.0,17802.0,2.407,Eczema
330,224,4,0,107280,174.0,103.0,360.0,298.0,107280.0,1.208,Melanoma
331,225,3,0,71125,73.0,97.0,569.0,125.0,71125.0,4.552,Hives
332,226,3,0,75360,125.0,65.0,471.0,160.0,75360.0,2.944,Hives
333,227,4,0,111267,158.0,101.0,351.0,317.0,111267.0,1.107,Melanoma
334,228,4,0,4032,175.0,111.0,64.0,63.0,4032.0,1.016,Melanoma
335,229,2,0,6800,213.0,53.0,80.0,85.0,6800.0,0.941,Eczema
336,230,4,0,44556,286.0,132.0,188.0,237.0,44556.0,0.793,Melanoma
337,231,4,0,201144,284.0,119.0,493.0,408.0,201144.0,1.208,Melanoma
338,232,3,0,210600,111.0,0.0,351.0,600.0,210600.0,0.585,Hives
339,232,3,0,5400,262.0,548.0,75.0,72.0,5400.0,1.042,Hives
340,232,3,0,6880,348.0,450.0,86.0,80.0,6880.0,1.075,Hives
341,232,3,0,135786,612.0,69.0,318.0,427.0,135786.0,0.745,Hives
342,233,3,0,102767,54.0,12.0,371.0,277.0,102767.0,1.339,Hives
343,234,4,0,6480,99.0,82.0,81.0,80.0,6480.0,1.012,Melanoma
344,235,2,0,27664,160.0,269.0,182.0,152.0,27664.0,1.197,Eczema
345,236,4,0,40710,393.0,242.0,230.0,177.0,40710.0,1.299,Melanoma
346,237,4,0,59701,231.0,122.0,263.0,227.0,59701.0,1.159,Melanoma
347,238,4,0,92928,134.0,125.0,352.0,264.0,92928.0,1.333,Melanoma
348,239,4,0,39220,223.0,267.0,265.0,148.0,39220.0,1.791,Melanoma
349,240,3,0,123600,0.0,0.0,412.0,300.0,123600.0,1.373,Hives
350,241,1,0,180225,336.0,167.0,405.0,445.0,180225.0,0.91,ChickenPox
351,242,2,0,39032,22.0,25.0,238.0,164.0,39032.0,1.451,Eczema
352,243,2,0,6405,231.0,67.0,61.0,105.0,6405.0,0.581,Eczema
353,243,2,0,21830,22.0,2.0,118.0,185.0,21830.0,0.638,Eczema
354,244,2,0,64753,0.0,0.0,293.0,221.0,64753.0,1.326,Eczema
355,245,4,0,56221,117.0,213.0,209.0,269.0,56221.0,0.777,Melanoma
356,246,4,0,142560,130.0,81.0,440.0,324.0,142560.0,1.358,Melanoma
357,247,4,0,18135,247.0,371.0,195.0,93.0,18135.0,2.097,Melanoma
358,247,4,0,88754,153.0,0.0,398.0,223.0,88754.0,1.785,Melanoma
359,248,3,0,29036,600.0,224.0,119.0,244.0,29036.0,0.488,Hives
360,248,3,0,74663,185.0,271.0,379.0,197.0,74663.0,1.924,Hives
361,248,3,0,102051,41.0,8.0,493.0,207.0,102051.0,2.382,Hives
362,249,4,0,27984,337.0,170.0,176.0,159.0,27984.0,1.107,Melanoma
363,250,3,0,1034565,155.0,0.0,1169.0,885.0,1034565.0,1.321,Hives
364,251,1,0,9300,40.0,51.0,100.0,93.0,9300.0,1.075,ChickenPox
365,251,1,0,1634,156.0,123.0,38.0,43.0,1634.0,0.884,ChickenPox
366,251,1,0,7372,145.0,33.0,97.0,76.0,7372.0,1.276,ChickenPox
367,252,4,0,13268,848.0,485.0,124.0,107.0,13268.0,1.159,Melanoma
368,253,4,0,6790,88.0,52.0,97.0,70.0,6790.0,1.386,Melanoma
369,254,4,0,33596,29.0,27.0,227.0,148.0,33596.0,1.534,Melanoma
370,255,4,0,43674,285.0,126.0,174.0,251.0,43674.0,0.693,Melanoma
371,256,2,0,9729,206.0,7.0,69.0,141.0,9729.0,0.489,Eczema
372,257,3,0,173565,316.0,256.0,315.0,551.0,173565.0,0.572,Hives
373,258,1,0,406721,0.0,220.0,599.0,679.0,406721.0,0.882,ChickenPox
374,259,4,0,50246,286.0,79.0,259.0,194.0,50246.0,1.335,Melanoma
375,260,3,0,20700,197.0,292.0,300.0,69.0,20700.0,4.348,Hives
376,261,1,0,35816,557.0,76.0,148.0,242.0,35816.0,0.612,ChickenPox
377,262,3,0,231636,101.0,50.0,582.0,398.0,231636.0,1.462,Hives
378,263,4,0,76176,194.0,125.0,276.0,276.0,76176.0,1.0,Melanoma
379,264,3,0,40182,427.0,0.0,222.0,181.0,40182.0,1.227,Hives
380,265,4,0,153715,162.0,106.0,355.0,433.0,153715.0,0.82,Melanoma
381,266,1,0,117196,0.0,276.0,353.0,332.0,117196.0,1.063,ChickenPox
382,267,3,0,112590,37.0,384.0,417.0,270.0,112590.0,1.544,Hives
383,267,3,0,129376,35.0,34.0,416.0,311.0,129376.0,1.338,Hives
384,268,4,0,29896,262.0,150.0,148.0,202.0,29896.0,0.733,Melanoma
385,269,4,0,66552,237.0,136.0,282.0,236.0,66552.0,1.195,Melanoma
386,270,4,0,168260,110.0,74.0,470.0,358.0,168260.0,1.313,Melanoma
387,271,1,0,71478,115.0,111.0,209.0,342.0,71478.0,0.611,ChickenPox
388,272,4,0,309831,0.0,81.0,743.0,417.0,309831.0,1.782,Melanoma
389,274,3,0,80793,102.0,138.0,573.0,141.0,80793.0,4.064,Hives
390,275,2,0,133488,0.0,54.0,618.0,216.0,133488.0,2.861,Eczema
391,275,2,0,28217,57.0,299.0,203.0,139.0,28217.0,1.46,Eczema
392,275,2,0,57150,239.0,244.0,381.0,150.0,57150.0,2.54,Eczema
393,276,4,0,31465,245.0,178.0,217.0,145.0,31465.0,1.497,Melanoma
394,277,2,0,11990,104.0,59.0,109.0,110.0,11990.0,0.991,Eczema
395,278,1,0,2026310,0.0,0.0,1199.0,1690.0,2026310.0,0.709,ChickenPox
396,279,3,0,35456,91.0,449.0,277.0,128.0,35456.0,2.164,Hives
397,279,3,0,12350,161.0,55.0,95.0,130.0,12350.0,0.731,Hives
398,280,3,0,88319,53.0,392.0,341.0,259.0,88319.0,1.317,Hives
399,280,3,0,69498,89.0,141.0,351.0,198.0,69498.0,1.773,Hives
400,281,3,0,101195,49.0,264.0,547.0,185.0,101195.0,2.957,Hives
401,282,1,0,1855,111.0,187.0,53.0,35.0,1855.0,1.514,ChickenPox
402,282,1,0,4080,59.0,35.0,68.0,60.0,4080.0,1.133,ChickenPox
403,282,1,0,1680,49.0,184.0,42.0,40.0,1680.0,1.05,ChickenPox
404,282,1,0,2880,59.0,109.0,60.0,48.0,2880.0,1.25,ChickenPox
405,283,4,0,84686,226.0,89.0,263.0,322.0,84686.0,0.817,Melanoma
406,284,4,0,703326,483.0,190.0,923.0,762.0,703326.0,1.211,Melanoma
407,285,3,0,115431,83.0,15.0,353.0,327.0,115431.0,1.08,Hives
408,286,4,0,37948,281.0,149.0,179.0,212.0,37948.0,0.844,Melanoma
409,287,1,0,37488,0.0,275.0,284.0,132.0,37488.0,2.152,ChickenPox
410,288,4,0,15250,124.0,78.0,125.0,122.0,15250.0,1.025,Melanoma
411,288,4,0,37366,450.0,62.0,238.0,157.0,37366.0,1.516,Melanoma
412,289,4,0,16459,176.0,258.0,151.0,109.0,16459.0,1.385,Melanoma
413,290,1,0,131922,98.0,0.0,698.0,189.0,131922.0,3.693,ChickenPox
414,290,1,0,202335,175.0,144.0,615.0,329.0,202335.0,1.869,ChickenPox
415,291,3,0,32980,84.0,0.0,170.0,194.0,32980.0,0.876,Hives
416,292,4,0,35870,246.0,150.0,170.0,211.0,35870.0,0.806,Melanoma
417,293,4,0,62464,254.0,118.0,244.0,256.0,62464.0,0.953,Melanoma
418,294,4,0,104006,169.0,33.0,323.0,322.0,104006.0,1.003,Melanoma
419,295,3,0,44370,114.0,382.0,306.0,145.0,44370.0,2.11,Hives
420,295,3,0,39990,198.0,182.0,258.0,155.0,39990.0,1.665,Hives
421,296,4,0,76368,118.0,265.0,516.0,148.0,76368.0,3.486,Melanoma
422,296,4,0,70626,130.0,69.0,474.0,149.0,70626.0,3.181,Melanoma
423,297,1,0,4680,158.0,218.0,52.0,90.0,4680.0,0.578,ChickenPox
424,297,1,0,2964,279.0,365.0,52.0,57.0,2964.0,0.912,ChickenPox
425,298,2,0,106978,69.0,251.0,601.0,178.0,106978.0,3.376,Eczema
426,298,2,0,73829,295.0,0.0,371.0,199.0,73829.0,1.864,Eczema
427,299,1,0,163152,0.0,37.0,412.0,396.0,163152.0,1.04,ChickenPox
428,300,4,0,42112,212.0,96.0,188.0,224.0,42112.0,0.839,Melanoma
429,301,3,0,53165,183.0,59.0,343.0,155.0,53165.0,2.213,Hives
430,302,3,0,378880,0.0,260.0,592.0,640.0,378880.0,0.925,Hives
431,302,3,0,5159,361.0,173.0,67.0,77.0,5159.0,0.87,Hives
432,302,3,0,9880,167.0,154.0,95.0,104.0,9880.0,0.913,Hives
433,303,3,0,128544,15.0,9.0,618.0,208.0,128544.0,2.971,Hives
434,304,3,0,50380,139.0,109.0,220.0,229.0,50380.0,0.961,Hives
435,305,1,0,30345,29.0,63.0,255.0,119.0,30345.0,2.143,ChickenPox
436,306,1,0,3030664,348.0,24.0,1448.0,2093.0,3030664.0,0.692,ChickenPox
437,307,3,0,8680,497.0,195.0,70.0,124.0,8680.0,0.565,Hives
438,308,3,0,71496,83.0,120.0,331.0,216.0,71496.0,1.532,Hives
439,309,4,0,918,123.0,102.0,27.0,34.0,918.0,0.794,Melanoma
440,310,1,0,1680,63.0,88.0,48.0,35.0,1680.0,1.371,ChickenPox
441,310,1,0,726,115.0,105.0,33.0,22.0,726.0,1.5,ChickenPox
442,310,1,0,625,129.0,128.0,25.0,25.0,625.0,1.0,ChickenPox
443,310,1,0,4332,74.0,148.0,57.0,76.0,4332.0,0.75,ChickenPox
444,311,1,0,271884,28.0,115.0,652.0,417.0,271884.0,1.564,ChickenPox
445,312,3,0,67100,99.0,114.0,305.0,220.0,67100.0,1.386,Hives
446,313,4,0,21670,277.0,257.0,197.0,110.0,21670.0,1.791,Melanoma
447,314,1,0,109368,290.0,141.0,372.0,294.0,109368.0,1.265,ChickenPox
448,315,1,0,59048,138.0,288.0,242.0,244.0,59048.0,0.992,ChickenPox
449,316,4,0,105456,161.0,0.0,507.0,208.0,105456.0,2.438,Melanoma
450,316,4,0,105868,134.0,280.0,532.0,199.0,105868.0,2.673,Melanoma
451,317,1,0,425068,0.0,0.0,799.0,532.0,425068.0,1.502,ChickenPox
452,318,3,0,198015,0.0,120.0,645.0,307.0,198015.0,2.101,Hives
453,319,1,0,4777680,1476.0,1252.0,2040.0,2342.0,4777680.0,0.871,ChickenPox
454,320,4,0,1274,286.0,197.0,49.0,26.0,1274.0,1.885,Melanoma
455,321,1,0,98946,76.0,230.0,414.0,239.0,98946.0,1.732,ChickenPox
456,322,3,0,43076,66.0,443.0,356.0,121.0,43076.0,2.942,Hives
457,323,4,0,59644,214.0,69.0,403.0,148.0,59644.0,2.723,Melanoma
458,324,4,0,28656,135.0,386.0,199.0,144.0,28656.0,1.382,Melanoma
459,325,3,0,59619,160.0,48.0,357.0,167.0,59619.0,2.138,Hives
460,326,1,0,163300,100.0,444.0,460.0,355.0,163300.0,1.296,ChickenPox
461,327,3,0,39185,161.0,129.0,461.0,85.0,39185.0,5.424,Hives
462,328,4,0,17901,234.0,259.0,221.0,81.0,17901.0,2.728,Melanoma
463,329,3,0,118770,117.0,7.0,535.0,222.0,118770.0,2.41,Hives
464,330,1,0,768201,0.0,0.0,1099.0,699.0,768201.0,1.572,ChickenPox
465,331,1,0,174944,105.0,72.0,497.0,352.0,174944.0,1.412,ChickenPox
466,332,3,0,83709,47.0,383.0,393.0,213.0,83709.0,1.845,Hives
467,333,1,0,538501,0.0,0.0,599.0,899.0,538501.0,0.666,ChickenPox
468,334,1,0,427200,0.0,0.0,800.0,534.0,427200.0,1.498,ChickenPox
469,335,4,0,36540,304.0,128.0,180.0,203.0,36540.0,0.887,Melanoma
470,336,1,0,389956,66.0,0.0,733.0,532.0,389956.0,1.378,ChickenPox
471,337,3,0,189189,2766.0,1410.0,297.0,637.0,189189.0,0.466,Hives
472,337,3,0,5457302,0.0,0.0,2666.0,2047.0,5457302.0,1.302,Hives
473,337,3,0,218688,2454.0,309.0,536.0,408.0,218688.0,1.314,Hives
474,338,1,0,504800,0.0,0.0,800.0,631.0,504800.0,1.268,ChickenPox
475,339,1,0,1482488,924.0,0.0,1288.0,1151.0,1482488.0,1.119,ChickenPox
476,340,1,0,121520,66.0,481.0,434.0,280.0,121520.0,1.55,ChickenPox
477,341,4,0,97990,139.0,22.0,478.0,205.0,97990.0,2.332,Melanoma
478,342,1,0,175380,182.0,0.0,444.0,395.0,175380.0,1.124,ChickenPox
479,343,4,0,21424,242.0,110.0,208.0,103.0,21424.0,2.019,Melanoma
480,344,1,0,86241,59.0,10.0,323.0,267.0,86241.0,1.21,ChickenPox
481,344,1,0,18414,221.0,353.0,186.0,99.0,18414.0,1.879,ChickenPox
482,345,3,0,2250,109.0,67.0,50.0,45.0,2250.0,1.111,Hives
483,345,3,0,8214,168.0,13.0,74.0,111.0,8214.0,0.667,Hives
484,345,3,0,3575,77.0,105.0,65.0,55.0,3575.0,1.182,Hives
485,345,3,0,7777,49.0,19.0,101.0,77.0,7777.0,1.312,Hives
486,346,4,0,5934,312.0,180.0,129.0,46.0,5934.0,2.804,Melanoma
487,347,2,0,73564,182.0,259.0,347.0,212.0,73564.0,1.637,Eczema
488,347,2,0,48240,169.0,87.0,360.0,134.0,48240.0,2.687,Eczema
489,348,3,0,156060,0.0,0.0,459.0,340.0,156060.0,1.35,Hives
490,348,3,0,109312,26.0,390.0,427.0,256.0,109312.0,1.668,Hives
491,349,1,0,10268,41.0,155.0,151.0,68.0,10268.0,2.221,ChickenPox
492,350,4,0,45828,123.0,82.0,342.0,134.0,45828.0,2.552,Melanoma
493,351,3,0,106546,113.0,385.0,319.0,334.0,106546.0,0.955,Hives
494,351,3,0,95288,189.0,15.0,277.0,344.0,95288.0,0.805,Hives
495,352,1,0,426400,0.0,0.0,800.0,533.0,426400.0,1.501,ChickenPox
496,353,4,0,41820,185.0,64.0,246.0,170.0,41820.0,1.447,Melanoma
497,354,2,0,314636,0.0,0.0,661.0,476.0,314636.0,1.389,Eczema
498,355,1,0,710277,30.0,0.0,969.0,733.0,710277.0,1.322,ChickenPox
499,356,1,0,425068,0.0,0.0,799.0,532.0,425068.0,1.502,ChickenPox
500,357,1,0,808126,0.0,0.0,1199.0,674.0,808126.0,1.779,ChickenPox
501,358,3,0,240240,68.0,0.0,572.0,420.0,240240.0,1.362,Hives
502,359,3,0,16497,68.0,32.0,117.0,141.0,16497.0,0.83,Hives
503,359,3,0,5185,0.0,103.0,61.0,85.0,5185.0,0.718,Hives
504,360,3,0,41800,255.0,132.0,275.0,152.0,41800.0,1.809,Hives
505,361,1,0,152388,0.0,0.0,498.0,306.0,152388.0,1.627,ChickenPox
506,362,3,0,11424,417.0,248.0,119.0,96.0,11424.0,1.24,Hives
507,362,3,0,2318,442.0,383.0,61.0,38.0,2318.0,1.605,Hives
508,362,3,0,3060,636.0,216.0,60.0,51.0,3060.0,1.176,Hives
509,362,3,0,1771,677.0,142.0,23.0,77.0,1771.0,0.299,Hives
510,362,3,0,8970,269.0,424.0,138.0,65.0,8970.0,2.123,Hives
511,362,3,0,8364,190.0,306.0,68.0,123.0,8364.0,0.553,Hives
512,362,3,0,29187,216.0,106.0,207.0,141.0,29187.0,1.468,Hives
513,362,3,0,1488,125.0,106.0,31.0,48.0,1488.0,0.646,Hives
514,362,3,0,8436,0.0,175.0,74.0,114.0,8436.0,0.649,Hives
515,363,4,0,58788,232.0,236.0,207.0,284.0,58788.0,0.729,Melanoma
516,364,2,0,180632,36.0,101.0,674.0,268.0,180632.0,2.515,Eczema
517,365,4,0,25333,185.0,134.0,329.0,77.0,25333.0,4.273,Melanoma
518,366,1,0,475608,454.0,157.0,447.0,1064.0,475608.0,0.42,ChickenPox
519,366,1,0,257129,862.0,341.0,389.0,661.0,257129.0,0.589,ChickenPox
520,367,2,0,169959,89.0,85.0,543.0,313.0,169959.0,1.735,Eczema
521,368,1,0,504792,0.0,0.0,779.0,648.0,504792.0,1.202,ChickenPox
522,369,2,0,27371,86.0,319.0,271.0,101.0,27371.0,2.683,Eczema
523,369,2,0,29892,613.0,37.0,106.0,282.0,29892.0,0.376,Eczema
524,369,2,0,4550,33.0,233.0,70.0,65.0,4550.0,1.077,Eczema
525,369,2,0,7665,58.0,137.0,105.0,73.0,7665.0,1.438,Eczema
526,369,2,0,9504,182.0,131.0,144.0,66.0,9504.0,2.182,Eczema
527,370,1,0,1760,180.0,136.0,40.0,44.0,1760.0,0.909,ChickenPox
528,370,1,0,6450,68.0,44.0,86.0,75.0,6450.0,1.147,ChickenPox
529,370,1,0,2800,0.0,109.0,35.0,80.0,2800.0,0.438,ChickenPox
530,371,1,0,223300,0.0,493.0,550.0,406.0,223300.0,1.355,ChickenPox
531,372,3,0,99144,120.0,262.0,486.0,204.0,99144.0,2.382,Hives
532,373,1,0,11770,47.0,94.0,110.0,107.0,11770.0,1.028,ChickenPox
533,373,1,0,3540,15.0,24.0,59.0,60.0,3540.0,0.983,ChickenPox
534,374,4,0,155541,144.0,46.0,417.0,373.0,155541.0,1.118,Melanoma
535,375,3,0,22701,155.0,0.0,141.0,161.0,22701.0,0.876,Hives
536,375,3,0,6497,87.0,50.0,89.0,73.0,6497.0,1.219,Hives
537,375,3,0,4400,67.0,150.0,88.0,50.0,4400.0,1.76,Hives
538,375,3,0,6384,0.0,92.0,76.0,84.0,6384.0,0.905,Hives
539,376,1,0,15768,82.0,17.0,108.0,146.0,15768.0,0.74,ChickenPox
540,377,2,0,121326,0.0,153.0,554.0,219.0,121326.0,2.53,Eczema
541,378,3,0,186944,175.0,656.0,508.0,368.0,186944.0,1.38,Hives
542,378,3,0,175096,71.0,0.0,509.0,344.0,175096.0,1.48,Hives
543,379,1,0,2750,131.0,82.0,50.0,55.0,2750.0,0.909,ChickenPox
544,379,1,0,2646,99.0,122.0,54.0,49.0,2646.0,1.102,ChickenPox
545,379,1,0,1188,94.0,197.0,44.0,27.0,1188.0,1.63,ChickenPox
546,380,4,0,8515,382.0,163.0,131.0,65.0,8515.0,2.015,Melanoma
547,381,3,0,39552,167.0,123.0,412.0,96.0,39552.0,4.292,Hives
548,382,1,0,30551,0.0,0.0,137.0,223.0,30551.0,0.614,ChickenPox
549,383,4,0,12741,298.0,123.0,137.0,93.0,12741.0,1.473,Melanoma
550,384,2,0,74538,283.0,92.0,303.0,246.0,74538.0,1.232,Eczema
551,385,1,0,65888,0.0,390.0,464.0,142.0,65888.0,3.268,ChickenPox
552,385,1,0,23780,477.0,131.0,164.0,145.0,23780.0,1.131,ChickenPox
553,386,2,0,28728,51.0,7.0,171.0,168.0,28728.0,1.018,Eczema
554,387,1,0,41478,0.0,0.0,186.0,223.0,41478.0,0.834,ChickenPox
555,388,4,0,25810,160.0,258.0,290.0,89.0,25810.0,3.258,Melanoma
556,389,3,0,97560,122.0,46.0,271.0,360.0,97560.0,0.753,Hives
557,389,3,0,63675,411.0,30.0,225.0,283.0,63675.0,0.795,Hives
558,390,3,0,38734,163.0,64.0,214.0,181.0,38734.0,1.182,Hives
559,391,1,0,93107,43.0,178.0,329.0,283.0,93107.0,1.163,ChickenPox
560,392,1,0,51282,256.0,522.0,231.0,222.0,51282.0,1.041,ChickenPox
561,392,1,0,50336,191.0,151.0,242.0,208.0,50336.0,1.163,ChickenPox
562,393,1,0,102030,167.0,174.0,358.0,285.0,102030.0,1.256,ChickenPox
563,393,1,0,33280,405.0,398.0,160.0,208.0,33280.0,0.769,ChickenPox
564,393,1,0,30012,148.0,430.0,164.0,183.0,30012.0,0.896,ChickenPox
565,394,2,0,68816,172.0,303.0,391.0,176.0,68816.0,2.222,Eczema
566,394,2,0,63126,247.0,64.0,378.0,167.0,63126.0,2.263,Eczema
567,395,1,0,346766,0.0,15.0,799.0,434.0,346766.0,1.841,ChickenPox
568,396,3,0,157538,15.0,0.0,454.0,347.0,157538.0,1.308,Hives
569,396,3,0,62458,59.0,385.0,187.0,334.0,62458.0,0.56,Hives
570,396,3,0,53460,281.0,389.0,162.0,330.0,53460.0,0.491,Hives
571,397,4,0,78546,176.0,46.0,494.0,159.0,78546.0,3.107,Melanoma
572,398,2,0,272160,0.0,0.0,720.0,378.0,272160.0,1.905,Eczema
573,399,1,0,1303313,112.0,0.0,1087.0,1199.0,1303313.0,0.907,ChickenPox
574,400,4,0,75359,202.0,34.0,421.0,179.0,75359.0,2.352,Melanoma
575,401,3,0,391552,71.0,231.0,532.0,736.0,391552.0,0.723,Hives
576,402,1,0,64600,219.0,315.0,380.0,170.0,64600.0,2.235,ChickenPox
577,402,1,0,92202,204.0,32.0,381.0,242.0,92202.0,1.574,ChickenPox
578,403,4,0,23749,286.0,93.0,187.0,127.0,23749.0,1.472,Melanoma
579,404,1,0,156975,48.0,574.0,483.0,325.0,156975.0,1.486,ChickenPox
580,405,1,0,135792,57.0,261.0,276.0,492.0,135792.0,0.561,ChickenPox
581,406,2,0,60243,179.0,96.0,467.0,129.0,60243.0,3.62,Eczema
582,406,2,0,43306,202.0,262.0,367.0,118.0,43306.0,3.11,Eczema
583,407,4,0,20976,272.0,108.0,184.0,114.0,20976.0,1.614,Melanoma
584,408,4,0,85136,234.0,114.0,272.0,313.0,85136.0,0.869,Melanoma
585,409,2,0,212390,0.0,32.0,634.0,335.0,212390.0,1.893,Eczema
586,410,1,0,37380,36.0,8.0,178.0,210.0,37380.0,0.848,ChickenPox
587,411,1,0,64960,53.0,315.0,320.0,203.0,64960.0,1.576,ChickenPox
588,412,3,0,62906,137.0,265.0,443.0,142.0,62906.0,3.12,Hives
589,412,3,0,70500,117.0,66.0,470.0,150.0,70500.0,3.133,Hives
590,413,4,0,49610,147.0,191.0,205.0,242.0,49610.0,0.847,Melanoma
591,414,4,0,29212,111.0,193.0,218.0,134.0,29212.0,1.627,Melanoma
592,415,3,0,128658,140.0,183.0,523.0,246.0,128658.0,2.126,Hives
593,416,2,0,34547,354.0,268.0,193.0,179.0,34547.0,1.078,Eczema
594,417,2,0,22572,101.0,86.0,171.0,132.0,22572.0,1.295,Eczema
595,417,2,0,20300,73.0,327.0,175.0,116.0,20300.0,1.509,Eczema
596,417,2,0,6272,398.0,271.0,112.0,56.0,6272.0,2.0,Eczema
597,417,2,0,15327,255.0,318.0,131.0,117.0,15327.0,1.12,Eczema
598,418,2,0,44247,112.0,199.0,301.0,147.0,44247.0,2.048,Eczema
599,418,2,0,30690,225.0,552.0,198.0,155.0,30690.0,1.277,Eczema
600,419,3,0,25674,138.0,269.0,389.0,66.0,25674.0,5.894,Hives
601,420,1,0,127795,0.0,12.0,305.0,419.0,127795.0,0.728,ChickenPox
602,421,1,0,756364,0.0,0.0,908.0,833.0,756364.0,1.09,ChickenPox
603,422,1,0,56240,1015.0,35.0,380.0,148.0,56240.0,2.568,ChickenPox
604,423,3,0,28085,106.0,169.0,137.0,205.0,28085.0,0.668,Hives
605,423,3,0,39216,457.0,103.0,172.0,228.0,39216.0,0.754,Hives
606,424,1,0,164538,148.0,364.0,831.0,198.0,164538.0,4.197,ChickenPox
607,424,1,0,82950,265.0,101.0,395.0,210.0,82950.0,1.881,ChickenPox
608,425,3,0,2048931,305.0,731.0,2347.0,873.0,2048931.0,2.688,Hives
609,426,1,0,13320,94.0,111.0,72.0,185.0,13320.0,0.389,ChickenPox
610,427,2,0,45570,71.0,402.0,210.0,217.0,45570.0,0.968,Eczema
611,428,3,0,54735,75.0,309.0,615.0,89.0,54735.0,6.91,Hives
612,428,3,0,85952,34.0,44.0,632.0,136.0,85952.0,4.647,Hives
613,429,3,0,37884,54.0,211.0,287.0,132.0,37884.0,2.174,Hives
614,430,2,0,26928,274.0,263.0,272.0,99.0,26928.0,2.747,Eczema
615,431,1,0,652740,0.0,174.0,989.0,660.0,652740.0,1.498,ChickenPox
616,432,1,0,7728,552.0,197.0,56.0,138.0,7728.0,0.406,ChickenPox
617,433,2,0,132561,152.0,42.0,309.0,429.0,132561.0,0.72,Eczema
618,434,3,0,99408,235.0,7.0,456.0,218.0,99408.0,2.092,Hives
619,435,3,0,76475,54.0,166.0,665.0,115.0,76475.0,5.783,Hives
620,436,1,0,187320,0.0,0.0,446.0,420.0,187320.0,1.062,ChickenPox
621,437,2,0,114504,22.0,385.0,367.0,312.0,114504.0,1.176,Eczema
622,437,2,0,116064,16.0,55.0,403.0,288.0,116064.0,1.399,Eczema
623,438,1,0,67940,445.0,25.0,316.0,215.0,67940.0,1.47,ChickenPox
624,439,3,0,349020,387.0,488.0,554.0,630.0,349020.0,0.879,Hives
625,439,3,0,14946,963.0,834.0,94.0,159.0,14946.0,0.591,Hives
626,440,1,0,50264,247.0,298.0,244.0,206.0,50264.0,1.184,ChickenPox
627,441,3,0,351591,0.0,0.0,719.0,489.0,351591.0,1.47,Hives
628,442,1,0,295222,153.0,0.0,646.0,457.0,295222.0,1.414,ChickenPox
629,443,3,0,71604,0.0,24.0,324.0,221.0,71604.0,1.466,Hives
630,444,1,0,298599,48.0,119.0,723.0,413.0,298599.0,1.751,ChickenPox
631,445,2,0,1551,445.0,9.0,47.0,33.0,1551.0,1.424,Eczema
632,445,2,0,71136,197.0,69.0,304.0,234.0,71136.0,1.299,Eczema
633,446,1,0,79810,282.0,302.0,347.0,230.0,79810.0,1.509,ChickenPox
634,447,1,0,452800,0.0,0.0,800.0,566.0,452800.0,1.413,ChickenPox
635,448,1,0,20296,296.0,299.0,236.0,86.0,20296.0,2.744,ChickenPox
636,448,1,0,38456,447.0,31.0,184.0,209.0,38456.0,0.88,ChickenPox
637,449,4,0,40040,223.0,260.0,286.0,140.0,40040.0,2.043,Melanoma
638,450,3,0,271318,49.0,17.0,586.0,463.0,271318.0,1.266,Hives
639,451,1,0,50546,290.0,315.0,254.0,199.0,50546.0,1.276,ChickenPox
640,451,1,0,10395,324.0,183.0,105.0,99.0,10395.0,1.061,ChickenPox
641,452,3,0,25359,466.0,103.0,237.0,107.0,25359.0,2.215,Hives
642,453,1,0,3050,159.0,149.0,50.0,61.0,3050.0,0.82,ChickenPox
643,454,3,0,48280,96.0,168.0,284.0,170.0,48280.0,1.671,Hives
644,455,3,0,3172,215.0,242.0,61.0,52.0,3172.0,1.173,Hives
645,455,3,0,720,196.0,208.0,30.0,24.0,720.0,1.25,Hives
646,455,3,0,23241,39.0,85.0,183.0,127.0,23241.0,1.441,Hives
647,456,1,0,1344,35.0,53.0,42.0,32.0,1344.0,1.312,ChickenPox
648,456,1,0,29700,63.0,65.0,225.0,132.0,29700.0,1.705,ChickenPox
649,457,4,0,29085,223.0,109.0,277.0,105.0,29085.0,2.638,Melanoma
650,458,2,0,30510,193.0,165.0,270.0,113.0,30510.0,2.389,Eczema
651,459,1,0,995988,15.0,0.0,1169.0,852.0,995988.0,1.372,ChickenPox
652,460,3,0,444720,72.0,37.0,545.0,816.0,444720.0,0.668,Hives
653,461,2,0,146810,146.0,27.0,530.0,277.0,146810.0,1.913,Eczema
654,462,1,0,598796,192.0,0.0,682.0,878.0,598796.0,0.777,ChickenPox
655,463,3,0,82045,59.0,14.0,269.0,305.0,82045.0,0.882,Hives
656,464,2,0,210840,3.0,19.0,420.0,502.0,210840.0,0.837,Eczema
657,465,1,0,8463,48.0,111.0,91.0,93.0,8463.0,0.978,ChickenPox
658,466,3,0,167580,43.0,194.0,630.0,266.0,167580.0,2.368,Hives
659,467,2,0,87688,169.0,148.0,452.0,194.0,87688.0,2.33,Eczema
660,468,1,0,192100,0.0,58.0,452.0,425.0,192100.0,1.064,ChickenPox
661,469,1,0,16235,22.0,75.0,191.0,85.0,16235.0,2.247,ChickenPox
662,470,3,0,21291,138.0,182.0,151.0,141.0,21291.0,1.071,Hives
663,471,2,0,203188,26.0,71.0,643.0,316.0,203188.0,2.035,Eczema
664,472,1,0,11528,26.0,87.0,88.0,131.0,11528.0,0.672,ChickenPox
665,472,1,0,16740,69.0,14.0,124.0,135.0,16740.0,0.919,ChickenPox
666,472,1,0,7031,102.0,141.0,89.0,79.0,7031.0,1.127,ChickenPox
667,473,2,0,70920,198.0,256.0,394.0,180.0,70920.0,2.189,Eczema
668,474,1,0,39039,170.0,287.0,169.0,231.0,39039.0,0.732,ChickenPox
669,474,1,0,5768,239.0,143.0,103.0,56.0,5768.0,1.839,ChickenPox
670,475,1,0,1161,9.0,77.0,27.0,43.0,1161.0,0.628,ChickenPox
671,475,1,0,3795,69.0,27.0,55.0,69.0,3795.0,0.797,ChickenPox
672,475,1,0,1221,84.0,101.0,37.0,33.0,1221.0,1.121,ChickenPox
673,475,1,0,621,121.0,169.0,23.0,27.0,621.0,0.852,ChickenPox
674,475,1,0,1020,47.0,78.0,20.0,51.0,1020.0,0.392,ChickenPox
675,476,3,0,53128,85.0,265.0,458.0,116.0,53128.0,3.948,Hives
676,477,3,0,42781,474.0,205.0,239.0,179.0,42781.0,1.335,Hives
677,478,3,0,48618,167.0,59.0,333.0,146.0,48618.0,2.281,Hives
678,479,2,0,343440,0.0,0.0,720.0,477.0,343440.0,1.509,Eczema
679,480,1,0,31524,90.0,322.0,222.0,142.0,31524.0,1.563,ChickenPox
680,481,3,0,70059,113.0,133.0,363.0,193.0,70059.0,1.881,Hives
681,482,1,0,294993,142.0,0.0,657.0,449.0,294993.0,1.463,ChickenPox
682,483,2,0,118624,61.0,0.0,352.0,337.0,118624.0,1.045,Eczema
683,484,1,0,426400,0.0,0.0,800.0,533.0,426400.0,1.501,ChickenPox
684,485,1,0,41580,12.0,4.0,189.0,220.0,41580.0,0.859,ChickenPox
685,486,1,0,157976,0.0,0.0,434.0,364.0,157976.0,1.192,ChickenPox
686,487,1,0,125723,53.0,652.0,509.0,247.0,125723.0,2.061,ChickenPox
687,487,1,0,32226,166.0,205.0,246.0,131.0,32226.0,1.878,ChickenPox
688,488,1,0,989760,0.0,0.0,960.0,1031.0,989760.0,0.931,ChickenPox
689,489,3,0,43632,392.0,109.0,216.0,202.0,43632.0,1.069,Hives
690,490,4,0,5166,196.0,262.0,126.0,41.0,5166.0,3.073,Melanoma
691,491,1,0,46410,0.0,14.0,221.0,210.0,46410.0,1.052,ChickenPox
692,492,3,0,57996,73.0,181.0,358.0,162.0,57996.0,2.21,Hives
693,493,2,0,79513,335.0,95.0,259.0,307.0,79513.0,0.844,Eczema
694,494,1,0,14125,119.0,64.0,113.0,125.0,14125.0,0.904,ChickenPox
695,495,3,0,55778,184.0,258.0,334.0,167.0,55778.0,2.0,Hives
696,496,1,0,4888,67.0,15.0,104.0,47.0,4888.0,2.213,ChickenPox
697,496,1,0,1900,160.0,92.0,38.0,50.0,1900.0,0.76,ChickenPox
698,496,1,0,1845,154.0,169.0,41.0,45.0,1845.0,0.911,ChickenPox
699,496,1,0,6241,14.0,126.0,79.0,79.0,6241.0,1.0,ChickenPox
700,497,3,0,88810,81.0,31.0,535.0,166.0,88810.0,3.223,Hives
701,498,3,0,65246,112.0,142.0,323.0,202.0,65246.0,1.599,Hives
702,499,1,0,41976,378.0,528.0,264.0,159.0,41976.0,1.66,ChickenPox
703,500,4,0,117648,99.0,67.0,344.0,342.0,117648.0,1.006,Melanoma
704,501,3,0,75140,87.0,94.0,340.0,221.0,75140.0,1.538,Hives
705,502,2,0,21186,130.0,243.0,214.0,99.0,21186.0,2.162,Eczema
706,502,2,0,66456,115.0,389.0,213.0,312.0,66456.0,0.683,Eczema
707,503,1,0,45220,714.0,0.0,85.0,532.0,45220.0,0.16,ChickenPox
708,503,1,0,382161,0.0,0.0,717.0,533.0,382161.0,1.345,ChickenPox
709,504,1,0,1115883,382.0,0.0,1117.0,999.0,1115883.0,1.118,ChickenPox
710,505,2,0,103152,76.0,0.0,307.0,336.0,103152.0,0.914,Eczema
711,505,2,0,111734,130.0,397.0,347.0,322.0,111734.0,1.078,Eczema
712,506,3,0,57552,375.0,173.0,264.0,218.0,57552.0,1.211,Hives
713,506,3,0,87420,352.0,0.0,310.0,282.0,87420.0,1.099,Hives
714,506,3,0,76956,145.0,27.0,212.0,363.0,76956.0,0.584,Hives
715,507,3,0,111325,69.0,10.0,365.0,305.0,111325.0,1.197,Hives
716,508,4,0,41160,200.0,262.0,294.0,140.0,41160.0,2.1,Melanoma
717,509,4,0,5076,303.0,179.0,141.0,36.0,5076.0,3.917,Melanoma
718,510,3,0,419760,0.0,0.0,720.0,583.0,419760.0,1.235,Hives
719,511,3,0,52150,183.0,63.0,350.0,149.0,52150.0,2.349,Hives
720,512,3,0,55800,5.0,0.0,186.0,300.0,55800.0,0.62,Hives
721,513,3,0,216276,108.0,20.0,538.0,402.0,216276.0,1.338,Hives
722,514,1,0,754,84.0,96.0,26.0,29.0,754.0,0.897,ChickenPox
723,514,1,0,575,127.0,65.0,23.0,25.0,575.0,0.92,ChickenPox
724,514,1,0,437,134.0,98.0,19.0,23.0,437.0,0.826,ChickenPox
725,514,1,0,520,171.0,74.0,20.0,26.0,520.0,0.769,ChickenPox
726,514,1,0,540,141.0,123.0,18.0,30.0,540.0,0.6,ChickenPox
727,514,1,0,1184,94.0,122.0,37.0,32.0,1184.0,1.156,ChickenPox
728,514,1,0,945,79.0,57.0,27.0,35.0,945.0,0.771,ChickenPox
729,515,2,0,21492,42.0,22.0,108.0,199.0,21492.0,0.543,Eczema
730,515,2,0,17928,161.0,36.0,108.0,166.0,17928.0,0.651,Eczema
731,516,3,0,60350,171.0,43.0,355.0,170.0,60350.0,2.088,Hives
732,517,3,0,32398,91.0,0.0,167.0,194.0,32398.0,0.861,Hives
733,518,1,0,153375,0.0,0.0,375.0,409.0,153375.0,0.917,ChickenPox
734,519,2,0,28060,168.0,263.0,244.0,115.0,28060.0,2.122,Eczema
735,520,3,0,15232,214.0,54.0,119.0,128.0,15232.0,0.93,Hives
736,521,3,0,640581,27.0,187.0,1073.0,597.0,640581.0,1.797,Hives
737,522,1,0,326988,0.0,0.0,586.0,558.0,326988.0,1.05,ChickenPox
738,523,1,0,41106,16.0,3.0,186.0,221.0,41106.0,0.842,ChickenPox
739,524,3,0,15589,114.0,255.0,119.0,131.0,15589.0,0.908,Hives
740,524,3,0,8648,194.0,107.0,92.0,94.0,8648.0,0.979,Hives
741,524,3,0,5025,33.0,58.0,75.0,67.0,5025.0,1.119,Hives
742,525,2,0,47073,25.0,0.0,213.0,221.0,47073.0,0.964,Eczema
743,526,4,0,98229,129.0,48.0,239.0,411.0,98229.0,0.582,Melanoma
744,527,2,0,34182,82.0,0.0,162.0,211.0,34182.0,0.768,Eczema
745,528,2,0,13860,120.0,54.0,132.0,105.0,13860.0,1.257,Eczema
746,529,3,0,105042,134.0,85.0,574.0,183.0,105042.0,3.137,Hives
747,530,3,0,69420,6.0,6.0,178.0,390.0,69420.0,0.456,Hives
748,531,2,0,38012,65.0,0.0,172.0,221.0,38012.0,0.778,Eczema
749,532,3,0,48184,92.0,179.0,317.0,152.0,48184.0,2.086,Hives
750,533,4,0,48664,181.0,147.0,158.0,308.0,48664.0,0.513,Melanoma
751,534,4,0,14000,146.0,264.0,200.0,70.0,14000.0,2.857,Melanoma
752,535,2,0,47200,15.0,4.0,236.0,200.0,47200.0,1.18,Eczema
753,536,4,0,213419,0.0,49.0,467.0,457.0,213419.0,1.022,Melanoma
754,537,3,0,87756,92.0,9.0,309.0,284.0,87756.0,1.088,Hives
755,538,1,0,50176,0.0,0.0,224.0,224.0,50176.0,1.0,ChickenPox
756,539,3,0,124620,71.0,389.0,402.0,310.0,124620.0,1.297,Hives
757,540,1,0,552216,141.0,320.0,1038.0,532.0,552216.0,1.951,ChickenPox
758,541,1,0,50176,0.0,0.0,224.0,224.0,50176.0,1.0,ChickenPox
759,542,1,0,842163,0.0,0.0,1011.0,833.0,842163.0,1.214,ChickenPox
760,543,4,0,47922,188.0,73.0,326.0,147.0,47922.0,2.218,Melanoma
761,544,4,0,93012,222.0,64.0,276.0,337.0,93012.0,0.819,Melanoma
762,545,1,0,59356,515.0,0.0,284.0,209.0,59356.0,1.359,ChickenPox
763,546,3,0,85952,53.0,266.0,632.0,136.0,85952.0,4.647,Hives
764,547,3,0,66052,197.0,23.0,337.0,196.0,66052.0,1.719,Hives
765,548,2,0,51660,34.0,11.0,246.0,210.0,51660.0,1.171,Eczema
766,549,2,0,37791,92.0,0.0,171.0,221.0,37791.0,0.774,Eczema
767,550,2,0,40434,0.0,38.0,293.0,138.0,40434.0,2.123,Eczema
768,551,2,0,42192,0.0,49.0,293.0,144.0,42192.0,2.035,Eczema
769,552,4,0,67311,126.0,158.0,243.0,277.0,67311.0,0.877,Melanoma
770,553,3,0,58637,57.0,16.0,191.0,307.0,58637.0,0.622,Hives
771,554,3,0,109996,121.0,6.0,514.0,214.0,109996.0,2.402,Hives
772,555,3,0,34385,5.0,6.0,115.0,299.0,34385.0,0.385,Hives
773,556,1,0,374,79.0,139.0,17.0,22.0,374.0,0.773,ChickenPox
774,556,1,0,255,94.0,103.0,15.0,17.0,255.0,0.882,ChickenPox
775,557,1,0,1920,56.0,85.0,30.0,64.0,1920.0,0.469,ChickenPox
776,557,1,0,1200,151.0,19.0,16.0,75.0,1200.0,0.213,ChickenPox
777,558,1,0,3850,24.0,6.0,77.0,50.0,3850.0,1.54,ChickenPox
778,558,1,0,3132,154.0,9.0,58.0,54.0,3132.0,1.074,ChickenPox
779,558,1,0,6946,60.0,91.0,151.0,46.0,6946.0,3.283,ChickenPox
780,558,1,0,10857,1.0,144.0,141.0,77.0,10857.0,1.831,ChickenPox
781,558,1,0,3172,4.0,58.0,52.0,61.0,3172.0,0.852,ChickenPox
782,559,4,0,22201,321.0,184.0,149.0,149.0,22201.0,1.0,Melanoma
783,559,4,0,9646,553.0,438.0,91.0,106.0,9646.0,0.858,Melanoma
784,559,4,0,9222,492.0,89.0,87.0,106.0,9222.0,0.821,Melanoma
785,560,4,0,12720,406.0,297.0,106.0,120.0,12720.0,0.883,Melanoma
786,561,1,0,23072,121.0,0.0,103.0,224.0,23072.0,0.46,ChickenPox
787,561,1,0,24192,16.0,0.0,108.0,224.0,24192.0,0.482,ChickenPox
788,562,1,0,105525,75.0,36.0,335.0,315.0,105525.0,1.063,ChickenPox
789,563,1,0,49729,0.0,0.0,223.0,223.0,49729.0,1.0,ChickenPox
790,564,1,0,1437601,0.0,0.0,1199.0,1199.0,1437601.0,1.0,ChickenPox
791,565,4,0,11176,206.0,188.0,88.0,127.0,11176.0,0.693,Melanoma
792,566,1,0,4810,35.0,158.0,74.0,65.0,4810.0,1.138,ChickenPox
793,566,1,0,6300,109.0,140.0,75.0,84.0,6300.0,0.893,ChickenPox
794,566,1,0,15229,14.0,0.0,97.0,157.0,15229.0,0.618,ChickenPox
795,566,1,0,14280,110.0,1.0,102.0,140.0,14280.0,0.729,ChickenPox
796,567,4,0,63700,214.0,140.0,260.0,245.0,63700.0,1.061,Melanoma
797,568,4,0,13944,263.0,137.0,166.0,84.0,13944.0,1.976,Melanoma
798,569,1,0,47824,420.0,290.0,196.0,244.0,47824.0,0.803,ChickenPox
799,570,4,0,19966,191.0,157.0,134.0,149.0,19966.0,0.899,Melanoma
800,571,4,0,32336,164.0,182.0,188.0,172.0,32336.0,1.093,Melanoma
801,572,2,0,23760,53.0,36.0,180.0,132.0,23760.0,1.364,Eczema
802,573,4,0,33485,191.0,182.0,181.0,185.0,33485.0,0.978,Melanoma
803,574,1,0,15367,0.0,71.0,121.0,127.0,15367.0,0.953,ChickenPox
804,575,4,0,15730,526.0,186.0,110.0,143.0,15730.0,0.769,Melanoma
805,576,1,0,72390,0.0,2.0,285.0,254.0,72390.0,1.122,ChickenPox
806,577,3,0,73153,47.0,121.0,383.0,191.0,73153.0,2.005,Hives
807,578,2,0,60358,0.0,6.0,293.0,206.0,60358.0,1.422,Eczema
808,579,4,0,188668,0.0,45.0,467.0,404.0,188668.0,1.156,Melanoma
809,580,4,0,1610,231.0,315.0,46.0,35.0,1610.0,1.314,Melanoma
810,581,4,0,76112,210.0,113.0,268.0,284.0,76112.0,0.944,Melanoma
811,582,2,0,30179,0.0,53.0,293.0,103.0,30179.0,2.845,Eczema
812,583,4,0,10769,201.0,131.0,121.0,89.0,10769.0,1.36,Melanoma
813,584,3,0,1454547,187.0,264.0,1559.0,933.0,1454547.0,1.671,Hives
814,585,4,0,91191,65.0,111.0,339.0,269.0,91191.0,1.26,Melanoma
815,586,1,0,129980,0.0,14.0,388.0,335.0,129980.0,1.158,ChickenPox
816,587,3,0,48042,171.0,25.0,153.0,314.0,48042.0,0.487,Hives
817,588,2,0,24822,71.0,31.0,197.0,126.0,24822.0,1.563,Eczema
818,589,2,0,17160,0.0,156.0,264.0,65.0,17160.0,4.062,Eczema
819,589,2,0,28875,0.0,52.0,231.0,125.0,28875.0,1.848,Eczema
820,590,4,0,64419,179.0,76.0,197.0,327.0,64419.0,0.602,Melanoma
821,591,3,0,54128,0.0,27.0,272.0,199.0,54128.0,1.367,Hives
822,591,3,0,8624,192.0,149.0,112.0,77.0,8624.0,1.455,Hives
823,592,1,0,50176,0.0,0.0,224.0,224.0,50176.0,1.0,ChickenPox
824,593,4,0,35800,164.0,132.0,200.0,179.0,35800.0,1.117,Melanoma
825,594,3,0,122070,53.0,21.0,626.0,195.0,122070.0,3.21,Hives
826,594,3,0,141372,3.0,268.0,693.0,204.0,141372.0,3.397,Hives
827,595,2,0,64753,0.0,0.0,293.0,221.0,64753.0,1.326,Eczema
828,596,3,0,149464,66.0,109.0,476.0,314.0,149464.0,1.516,Hives
829,596,3,0,22680,0.0,82.0,140.0,162.0,22680.0,0.864,Hives
830,596,3,0,10286,185.0,0.0,139.0,74.0,10286.0,1.878,Hives
831,597,4,0,46816,134.0,191.0,266.0,176.0,46816.0,1.511,Melanoma
832,598,3,0,128940,9.0,3.0,614.0,210.0,128940.0,2.924,Hives
833,599,4,0,14803,190.0,71.0,113.0,131.0,14803.0,0.863,Melanoma
834,600,2,0,23837,68.0,9.0,121.0,197.0,23837.0,0.614,Eczema
835,601,2,0,30150,48.0,53.0,225.0,134.0,30150.0,1.679,Eczema
836,602,4,0,28891,241.0,105.0,167.0,173.0,28891.0,0.965,Melanoma
837,603,2,0,20276,18.0,0.0,148.0,137.0,20276.0,1.08,Eczema
838,603,2,0,7350,197.0,0.0,70.0,105.0,7350.0,0.667,Eczema
839,604,2,0,64753,0.0,0.0,293.0,221.0,64753.0,1.326,Eczema
840,605,2,0,63648,5.0,0.0,288.0,221.0,63648.0,1.303,Eczema
841,606,4,0,42005,186.0,105.0,155.0,271.0,42005.0,0.572,Melanoma
842,607,4,0,93330,202.0,79.0,305.0,306.0,93330.0,0.997,Melanoma
843,608,2,0,162032,38.0,70.0,533.0,304.0,162032.0,1.753,Eczema
844,609,3,0,76328,112.0,14.0,232.0,329.0,76328.0,0.705,Hives
845,610,2,0,64753,0.0,0.0,293.0,221.0,64753.0,1.326,Eczema
846,611,4,0,46690,88.0,243.0,203.0,230.0,46690.0,0.883,Melanoma
847,612,1,0,217092,0.0,0.0,474.0,458.0,217092.0,1.035,ChickenPox
848,613,4,0,174640,66.0,107.0,370.0,472.0,174640.0,0.784,Melanoma
849,614,4,0,82663,121.0,98.0,241.0,343.0,82663.0,0.703,Melanoma
850,615,1,0,13662,54.0,74.0,138.0,99.0,13662.0,1.394,ChickenPox
851,615,1,0,7676,58.0,1.0,76.0,101.0,7676.0,0.752,ChickenPox
852,615,1,0,5005,2.0,133.0,55.0,91.0,5005.0,0.604,ChickenPox
853,616,4,0,74560,103.0,258.0,466.0,160.0,74560.0,2.912,Melanoma
854,617,2,0,64753,0.0,0.0,293.0,221.0,64753.0,1.326,Eczema
855,618,4,0,61539,123.0,46.0,219.0,281.0,61539.0,0.779,Melanoma
856,619,3,0,263410,834.0,174.0,371.0,710.0,263410.0,0.523,Hives
857,619,3,0,406421,207.0,161.0,547.0,743.0,406421.0,0.736,Hives
858,620,1,0,28036,38.0,24.0,163.0,172.0,28036.0,0.948,ChickenPox
859,621,1,0,29920,26.0,48.0,170.0,176.0,29920.0,0.966,ChickenPox
860,622,4,0,40198,349.0,99.0,202.0,199.0,40198.0,1.015,Melanoma
861,623,4,0,6254,198.0,257.0,106.0,59.0,6254.0,1.797,Melanoma
862,624,1,0,104598,0.0,0.0,351.0,298.0,104598.0,1.178,ChickenPox
863,625,1,0,130848,0.0,0.0,348.0,376.0,130848.0,0.926,ChickenPox
864,626,4,0,41925,177.0,193.0,195.0,215.0,41925.0,0.907,Melanoma
865,627,4,0,71442,146.0,129.0,243.0,294.0,71442.0,0.827,Melanoma
866,628,1,0,1634,141.0,94.0,43.0,38.0,1634.0,1.132,ChickenPox
867,628,1,0,3078,58.0,44.0,57.0,54.0,3078.0,1.056,ChickenPox
868,628,1,0,2397,11.0,164.0,47.0,51.0,2397.0,0.922,ChickenPox
869,629,1,0,189912,0.0,0.0,492.0,386.0,189912.0,1.275,ChickenPox
870,630,4,0,121360,117.0,42.0,296.0,410.0,121360.0,0.722,Melanoma
871,631,1,0,1026,79.0,98.0,27.0,38.0,1026.0,0.711,ChickenPox
872,631,1,0,1404,107.0,55.0,36.0,39.0,1404.0,0.923,ChickenPox
873,631,1,0,1050,34.0,144.0,25.0,42.0,1050.0,0.595,ChickenPox
874,631,1,0,2040,63.0,171.0,68.0,30.0,2040.0,2.267,ChickenPox
875,631,1,0,2691,117.0,114.0,39.0,69.0,2691.0,0.565,ChickenPox
876,632,1,0,16390,62.0,20.0,110.0,149.0,16390.0,0.738,ChickenPox
877,633,4,0,8344,268.0,159.0,149.0,56.0,8344.0,2.661,Melanoma
878,634,4,0,6077,422.0,173.0,103.0,59.0,6077.0,1.746,Melanoma
879,635,4,0,22082,292.0,92.0,181.0,122.0,22082.0,1.484,Melanoma
880,636,1,0,140248,31.0,0.0,376.0,373.0,140248.0,1.008,ChickenPox
881,637,1,0,119320,0.0,0.0,380.0,314.0,119320.0,1.21,ChickenPox
882,638,4,0,141036,134.0,103.0,438.0,322.0,141036.0,1.36,Melanoma
883,639,2,0,21060,22.0,9.0,162.0,130.0,21060.0,1.246,Eczema
884,639,2,0,21735,0.0,195.0,161.0,135.0,21735.0,1.193,Eczema
885,639,2,0,12154,82.0,356.0,103.0,118.0,12154.0,0.873,Eczema
886,640,3,0,159618,0.0,0.0,719.0,222.0,159618.0,3.239,Hives
887,640,3,0,9250,30.0,317.0,125.0,74.0,9250.0,1.689,Hives
888,640,3,0,79540,199.0,266.0,388.0,205.0,79540.0,1.893,Hives
889,641,2,0,56355,3.0,0.0,255.0,221.0,56355.0,1.154,Eczema
890,642,2,0,162792,0.0,377.0,476.0,342.0,162792.0,1.392,Eczema
891,642,2,0,145376,63.0,0.0,413.0,352.0,145376.0,1.173,Eczema
892,643,2,0,35621,43.0,42.0,199.0,179.0,35621.0,1.112,Eczema
893,644,4,0,47637,131.0,197.0,237.0,201.0,47637.0,1.179,Melanoma
894,645,4,0,94850,112.0,93.0,271.0,350.0,94850.0,0.774,Melanoma
895,646,4,0,44312,172.0,122.0,191.0,232.0,44312.0,0.823,Melanoma
896,647,4,0,82944,160.0,63.0,288.0,288.0,82944.0,1.0,Melanoma
897,648,3,0,481600,0.0,0.0,800.0,602.0,481600.0,1.329,Hives
898,649,4,0,80934,209.0,66.0,246.0,329.0,80934.0,0.748,Melanoma
899,650,1,0,34830,8.0,61.0,215.0,162.0,34830.0,1.327,ChickenPox
900,651,1,0,129108,0.0,0.0,406.0,318.0,129108.0,1.277,ChickenPox
901,652,1,0,137984,48.0,46.0,392.0,352.0,137984.0,1.114,ChickenPox
902,653,2,0,16264,97.0,50.0,152.0,107.0,16264.0,1.421,Eczema
903,654,4,0,18834,188.0,155.0,129.0,146.0,18834.0,0.884,Melanoma
904,655,1,0,480000,0.0,0.0,800.0,600.0,480000.0,1.333,ChickenPox
905,656,4,0,36018,166.0,158.0,207.0,174.0,36018.0,1.19,Melanoma
906,657,4,0,185850,92.0,61.0,590.0,315.0,185850.0,1.873,Melanoma
907,658,2,0,64753,0.0,0.0,293.0,221.0,64753.0,1.326,Eczema
908,659,4,0,12198,267.0,312.0,214.0,57.0,12198.0,3.754,Melanoma
909,660,1,0,81656,21.0,39.0,346.0,236.0,81656.0,1.466,ChickenPox
910,661,2,0,324264,32.0,1.0,687.0,472.0,324264.0,1.456,Eczema
911,662,4,0,45458,152.0,129.0,191.0,238.0,45458.0,0.803,Melanoma
912,663,4,0,13013,277.0,129.0,143.0,91.0,13013.0,1.571,Melanoma
913,664,1,0,152352,24.0,0.0,414.0,368.0,152352.0,1.125,ChickenPox
914,665,2,0,301980,0.0,0.0,420.0,719.0,301980.0,0.584,Eczema
915,666,2,0,64753,0.0,0.0,293.0,221.0,64753.0,1.326,Eczema
916,667,1,0,8162,343.0,157.0,106.0,77.0,8162.0,1.377,ChickenPox
917,668,2,0,345600,0.0,0.0,720.0,480.0,345600.0,1.5,Eczema
918,669,2,0,37926,69.0,446.0,258.0,147.0,37926.0,1.755,Eczema
919,669,2,0,110374,56.0,0.0,319.0,346.0,110374.0,0.922,Eczema
920,670,2,0,16695,110.0,6.0,105.0,159.0,16695.0,0.66,Eczema
921,671,4,0,83616,126.0,86.0,416.0,201.0,83616.0,2.07,Melanoma
922,672,1,0,42009,14.0,22.0,209.0,201.0,42009.0,1.04,ChickenPox
923,673,1,0,69576,0.0,188.0,446.0,156.0,69576.0,2.859,ChickenPox
924,674,2,0,153340,25.0,379.0,451.0,340.0,153340.0,1.326,Eczema
925,674,2,0,61760,239.0,24.0,193.0,320.0,61760.0,0.603,Eczema
926,675,4,0,47104,177.0,120.0,184.0,256.0,47104.0,0.719,Melanoma
927,676,4,0,88430,152.0,26.0,239.0,370.0,88430.0,0.646,Melanoma
928,677,1,0,422669,7.0,0.0,793.0,533.0,422669.0,1.488,ChickenPox
929,678,4,0,58254,151.0,73.0,266.0,219.0,58254.0,1.215,Melanoma
930,679,2,0,46434,157.0,402.0,218.0,213.0,46434.0,1.023,Eczema
931,680,1,0,180180,270.0,0.0,315.0,572.0,180180.0,0.551,ChickenPox
932,681,4,0,147028,154.0,53.0,413.0,356.0,147028.0,1.16,Melanoma
933,682,4,0,29032,169.0,111.0,191.0,152.0,29032.0,1.257,Melanoma
934,683,2,0,15980,215.0,258.0,188.0,85.0,15980.0,2.212,Eczema
935,684,4,0,19944,223.0,224.0,277.0,72.0,19944.0,3.847,Melanoma
936,685,4,0,81892,155.0,75.0,236.0,347.0,81892.0,0.68,Melanoma
937,686,1,0,28512,28.0,47.0,162.0,176.0,28512.0,0.92,ChickenPox
938,687,1,0,81120,201.0,481.0,338.0,240.0,81120.0,1.408,ChickenPox
939,687,1,0,387904,94.0,195.0,551.0,704.0,387904.0,0.783,ChickenPox
940,688,1,0,207760,0.0,0.0,490.0,424.0,207760.0,1.156,ChickenPox
941,689,4,0,84924,117.0,107.0,252.0,337.0,84924.0,0.748,Melanoma
942,690,4,0,24428,188.0,70.0,124.0,197.0,24428.0,0.629,Melanoma
943,691,2,0,230153,0.0,0.0,671.0,343.0,230153.0,1.956,Eczema
944,692,4,0,42042,150.0,134.0,182.0,231.0,42042.0,0.788,Melanoma
945,693,1,0,222433,0.0,0.0,509.0,437.0,222433.0,1.165,ChickenPox
946,694,4,0,15960,196.0,196.0,120.0,133.0,15960.0,0.902,Melanoma
947,695,3,0,179329,160.0,91.0,461.0,389.0,179329.0,1.185,Hives
948,696,2,0,136704,102.0,147.0,512.0,267.0,136704.0,1.918,Eczema
949,697,1,0,13248,354.0,136.0,138.0,96.0,13248.0,1.438,ChickenPox
950,698,2,0,92536,106.0,385.0,344.0,269.0,92536.0,1.279,Eczema
951,698,2,0,85449,123.0,72.0,313.0,273.0,85449.0,1.147,Eczema
952,699,2,0,65268,0.0,0.0,294.0,222.0,65268.0,1.324,Eczema
953,700,2,0,141040,58.0,24.0,328.0,430.0,141040.0,0.763,Eczema
954,700,2,0,132480,378.0,2.0,288.0,460.0,132480.0,0.626,Eczema
955,701,4,0,313492,96.0,247.0,724.0,433.0,313492.0,1.672,Melanoma
956,702,1,0,47276,11.0,0.0,212.0,223.0,47276.0,0.951,ChickenPox
957,703,1,0,161702,452.0,67.0,347.0,466.0,161702.0,0.745,ChickenPox
958,704,2,0,338649,0.0,0.0,719.0,471.0,338649.0,1.527,Eczema
959,705,2,0,60060,264.0,347.0,455.0,132.0,60060.0,3.447,Eczema
960,705,2,0,149552,0.0,131.0,719.0,208.0,149552.0,3.457,Eczema
961,706,4,0,185318,25.0,47.0,427.0,434.0,185318.0,0.984,Melanoma
962,707,2,0,54014,133.0,384.0,226.0,239.0,54014.0,0.946,Eczema
963,707,2,0,71415,150.0,0.0,207.0,345.0,71415.0,0.6,Eczema
964,708,4,0,50076,130.0,137.0,234.0,214.0,50076.0,1.093,Melanoma
965,709,1,0,114648,66.0,59.0,408.0,281.0,114648.0,1.452,ChickenPox
966,710,3,0,30498,4.0,0.0,138.0,221.0,30498.0,0.624,Hives
967,710,3,0,31382,151.0,0.0,142.0,221.0,31382.0,0.643,Hives
968,711,4,0,48160,182.0,129.0,172.0,280.0,48160.0,0.614,Melanoma
969,712,2,0,321300,0.0,0.0,476.0,675.0,321300.0,0.705,Eczema
970,713,4,0,10660,200.0,179.0,82.0,130.0,10660.0,0.631,Melanoma
971,714,2,0,31040,133.0,21.0,160.0,194.0,31040.0,0.825,Eczema
972,715,4,0,238986,110.0,31.0,561.0,426.0,238986.0,1.317,Melanoma
973,716,1,0,112752,0.0,0.0,324.0,348.0,112752.0,0.931,ChickenPox
974,717,4,0,18207,193.0,158.0,119.0,153.0,18207.0,0.778,Melanoma
975,718,2,0,26316,234.0,269.0,258.0,102.0,26316.0,2.529,Eczema
976,718,2,0,25531,264.0,98.0,211.0,121.0,25531.0,1.744,Eczema
977,719,3,0,78861,179.0,386.0,291.0,271.0,78861.0,1.074,Hives
978,720,3,0,64753,0.0,0.0,293.0,221.0,64753.0,1.326,Hives
979,721,4,0,50128,188.0,196.0,208.0,241.0,50128.0,0.863,Melanoma
980,722,1,0,30305,0.0,46.0,209.0,145.0,30305.0,1.441,ChickenPox
981,723,1,0,25012,0.0,25.0,148.0,169.0,25012.0,0.876,ChickenPox
982,724,1,0,24087,357.0,119.0,217.0,111.0,24087.0,1.955,ChickenPox
983,725,1,0,81600,0.0,0.0,300.0,272.0,81600.0,1.103,ChickenPox
984,726,2,0,145396,7.0,393.0,446.0,326.0,145396.0,1.368,Eczema
985,726,2,0,90480,216.0,0.0,260.0,348.0,90480.0,0.747,Eczema
986,727,4,0,18500,181.0,189.0,125.0,148.0,18500.0,0.845,Melanoma
987,728,2,0,45486,180.0,101.0,399.0,114.0,45486.0,3.5,Eczema
988,729,4,0,57950,173.0,112.0,190.0,305.0,57950.0,0.623,Melanoma
989,730,2,0,118427,194.0,141.0,437.0,271.0,118427.0,1.613,Eczema
990,731,4,0,120879,98.0,0.0,297.0,407.0,120879.0,0.73,Melanoma
991,732,2,0,11899,242.0,431.0,73.0,163.0,11899.0,0.448,Eczema
992,732,2,0,12496,161.0,412.0,71.0,176.0,12496.0,0.403,Eczema
993,733,1,0,44278,0.0,220.0,169.0,262.0,44278.0,0.645,ChickenPox
994,734,4,0,18954,147.0,350.0,117.0,162.0,18954.0,0.722,Melanoma
995,735,1,0,179292,0.0,0.0,446.0,402.0,179292.0,1.109,ChickenPox
996,736,1,0,389090,70.0,0.0,730.0,533.0,389090.0,1.37,ChickenPox
997,737,4,0,20691,198.0,153.0,121.0,171.0,20691.0,0.708,Melanoma
998,738,1,0,41032,0.0,0.0,184.0,223.0,41032.0,0.825,ChickenPox
999,739,1,0,107604,47.0,0.0,366.0,294.0,107604.0,1.245,ChickenPox
1000,740,4,0,82940,154.0,54.0,260.0,319.0,82940.0,0.815,Melanoma
1001,741,4,0,93760,97.0,117.0,320.0,293.0,93760.0,1.092,Melanoma
1002,742,1,0,15088,31.0,141.0,184.0,82.0,15088.0,2.244,ChickenPox
1003,743,3,0,151200,0.0,0.0,720.0,210.0,151200.0,3.429,Hives
1004,743,3,0,144000,0.0,272.0,720.0,200.0,144000.0,3.6,Hives
1005,744,1,0,12900,343.0,85.0,100.0,129.0,12900.0,0.775,ChickenPox
1006,745,3,0,48790,150.0,388.0,287.0,170.0,48790.0,1.688,Hives
1007,746,2,0,309889,45.0,0.0,431.0,719.0,309889.0,0.599,Eczema
1008,747,1,0,295740,15.0,27.0,620.0,477.0,295740.0,1.3,ChickenPox
1009,749,2,0,12208,16.0,62.0,112.0,109.0,12208.0,1.028,Eczema
1010,749,2,0,7700,179.0,52.0,100.0,77.0,7700.0,1.299,Eczema
1011,750,1,0,17646,239.0,108.0,173.0,102.0,17646.0,1.696,ChickenPox
1012,751,1,0,60604,316.0,312.0,278.0,218.0,60604.0,1.275,ChickenPox
1013,751,1,0,38127,390.0,67.0,213.0,179.0,38127.0,1.19,ChickenPox
1014,752,1,0,38950,4.0,19.0,205.0,190.0,38950.0,1.079,ChickenPox
1015,753,4,0,77728,72.0,72.0,224.0,347.0,77728.0,0.646,Melanoma
1016,754,2,0,31950,41.0,36.0,225.0,142.0,31950.0,1.585,Eczema
1017,755,2,0,338649,0.0,0.0,719.0,471.0,338649.0,1.527,Eczema
1018,756,1,0,50176,0.0,0.0,224.0,224.0,50176.0,1.0,ChickenPox
1019,757,3,0,87570,162.0,1.0,417.0,210.0,87570.0,1.986,Hives
1020,758,1,0,250981,0.0,480.0,599.0,419.0,250981.0,1.43,ChickenPox
1021,758,1,0,76752,118.0,175.0,312.0,246.0,76752.0,1.268,ChickenPox
1022,759,1,0,511546,0.0,0.0,599.0,854.0,511546.0,0.701,ChickenPox
1023,760,4,0,84502,91.0,70.0,334.0,253.0,84502.0,1.32,Melanoma
1024,761,3,0,86814,30.0,62.0,689.0,126.0,86814.0,5.468,Hives
1025,761,3,0,102300,37.0,317.0,682.0,150.0,102300.0,4.547,Hives
1026,762,2,0,93492,28.0,80.0,371.0,252.0,93492.0,1.472,Eczema
1027,763,1,0,264110,103.0,0.0,539.0,490.0,264110.0,1.1,ChickenPox
1028,764,4,0,35787,187.0,136.0,151.0,237.0,35787.0,0.637,Melanoma
1029,765,2,0,57148,139.0,164.0,314.0,182.0,57148.0,1.725,Eczema
1030,765,2,0,55400,236.0,442.0,200.0,277.0,55400.0,0.722,Eczema
1031,766,4,0,42370,110.0,186.0,190.0,223.0,42370.0,0.852,Melanoma
1032,766,4,0,25284,208.0,14.0,172.0,147.0,25284.0,1.17,Melanoma
1033,767,4,0,61455,148.0,84.0,241.0,255.0,61455.0,0.945,Melanoma
1034,768,4,0,12669,173.0,128.0,123.0,103.0,12669.0,1.194,Melanoma
1035,768,4,0,27528,142.0,311.0,148.0,186.0,27528.0,0.796,Melanoma
1036,769,2,0,220455,98.0,124.0,621.0,355.0,220455.0,1.749,Eczema
1037,770,1,0,12862,341.0,105.0,109.0,118.0,12862.0,0.924,ChickenPox
1038,771,4,0,141950,92.0,18.0,334.0,425.0,141950.0,0.786,Melanoma
1039,772,1,0,31313,11.0,42.0,173.0,181.0,31313.0,0.956,ChickenPox
1040,773,2,0,132048,56.0,383.0,393.0,336.0,132048.0,1.17,Eczema
1041,773,2,0,164255,0.0,0.0,455.0,361.0,164255.0,1.26,Eczema
1042,774,4,0,47264,142.0,157.0,211.0,224.0,47264.0,0.942,Melanoma
1043,775,4,0,43690,205.0,67.0,170.0,257.0,43690.0,0.661,Melanoma
1044,776,4,0,4539,287.0,317.0,89.0,51.0,4539.0,1.745,Melanoma
1045,777,3,0,289419,20.0,80.0,533.0,543.0,289419.0,0.982,Hives
1046,778,4,0,65928,121.0,32.0,201.0,328.0,65928.0,0.613,Melanoma
1047,779,1,0,7298,344.0,134.0,82.0,89.0,7298.0,0.921,ChickenPox
1048,780,3,0,159332,47.0,157.0,653.0,244.0,159332.0,2.676,Hives
1049,781,1,0,32164,17.0,35.0,172.0,187.0,32164.0,0.92,ChickenPox
1050,782,2,0,15397,168.0,2.0,173.0,89.0,15397.0,1.944,Eczema
1051,782,2,0,82852,346.0,102.0,308.0,269.0,82852.0,1.145,Eczema
1052,783,4,0,30873,237.0,254.0,251.0,123.0,30873.0,2.041,Melanoma
1053,784,3,0,150304,0.0,86.0,427.0,352.0,150304.0,1.213,Hives
1054,784,3,0,83848,65.0,386.0,376.0,223.0,83848.0,1.686,Hives
1055,785,1,0,207500,4.0,187.0,625.0,332.0,207500.0,1.883,ChickenPox
1056,786,4,0,42993,176.0,98.0,153.0,281.0,42993.0,0.544,Melanoma
1057,787,4,0,4450,335.0,181.0,89.0,50.0,4450.0,1.78,Melanoma
1058,788,2,0,308976,17.0,0.0,656.0,471.0,308976.0,1.393,Eczema
1059,789,4,0,82250,161.0,72.0,250.0,329.0,82250.0,0.76,Melanoma
1060,790,4,0,84870,180.0,78.0,246.0,345.0,84870.0,0.713,Melanoma
1061,791,4,0,61815,159.0,89.0,195.0,317.0,61815.0,0.615,Melanoma
1062,792,2,0,342244,0.0,0.0,719.0,476.0,342244.0,1.511,Eczema
1063,793,2,0,87185,98.0,390.0,265.0,329.0,87185.0,0.805,Eczema
1064,794,4,0,39984,140.0,80.0,196.0,204.0,39984.0,0.961,Melanoma
1065,795,3,0,157752,46.0,132.0,626.0,252.0,157752.0,2.484,Hives
1066,796,2,0,10472,316.0,163.0,187.0,56.0,10472.0,3.339,Eczema
1067,797,4,0,58555,151.0,134.0,239.0,245.0,58555.0,0.976,Melanoma
1068,798,4,0,11211,233.0,198.0,101.0,111.0,11211.0,0.91,Melanoma
1069,799,3,0,30590,133.0,175.0,190.0,161.0,30590.0,1.18,Hives
1070,800,2,0,28288,136.0,215.0,221.0,128.0,28288.0,1.727,Eczema
1071,800,2,0,40000,95.0,392.0,250.0,160.0,40000.0,1.562,Eczema
1072,801,3,0,38595,162.0,261.0,415.0,93.0,38595.0,4.462,Hives
1073,802,4,0,110995,127.0,24.0,281.0,395.0,110995.0,0.711,Melanoma
1074,803,2,0,25488,223.0,269.0,236.0,108.0,25488.0,2.185,Eczema
1075,804,2,0,296608,6.0,0.0,713.0,416.0,296608.0,1.714,Eczema
1076,805,2,0,322560,0.0,0.0,720.0,448.0,322560.0,1.607,Eczema
1077,806,4,0,75615,109.0,59.0,213.0,355.0,75615.0,0.6,Melanoma
1078,807,4,0,44055,250.0,110.0,165.0,267.0,44055.0,0.618,Melanoma
1079,808,3,0,68266,98.0,127.0,319.0,214.0,68266.0,1.491,Hives
1080,809,4,0,64291,159.0,87.0,239.0,269.0,64291.0,0.888,Melanoma
1081,810,4,0,145393,44.0,43.0,347.0,419.0,145393.0,0.828,Melanoma
1082,811,2,0,318517,0.0,0.0,719.0,443.0,318517.0,1.623,Eczema
1083,812,2,0,79352,66.0,398.0,436.0,182.0,79352.0,2.396,Eczema
1084,813,4,0,15410,179.0,167.0,134.0,115.0,15410.0,1.165,Melanoma
1085,814,3,0,28032,42.0,236.0,146.0,192.0,28032.0,0.76,Hives
1086,815,2,0,44688,209.0,71.0,304.0,147.0,44688.0,2.068,Eczema
1087,815,2,0,51510,206.0,265.0,303.0,170.0,51510.0,1.782,Eczema
1088,816,4,0,8208,103.0,80.0,108.0,76.0,8208.0,1.421,Melanoma
1089,817,3,0,22659,212.0,136.0,273.0,83.0,22659.0,3.289,Hives
1090,818,3,0,286881,0.0,68.0,719.0,399.0,286881.0,1.802,Hives
1091,819,2,0,46002,169.0,102.0,187.0,246.0,46002.0,0.76,Eczema
1092,820,1,0,590616,47.0,26.0,936.0,631.0,590616.0,1.483,ChickenPox
1093,820,1,0,61030,376.0,448.0,359.0,170.0,61030.0,2.112,ChickenPox
1094,821,4,0,26061,255.0,99.0,219.0,119.0,26061.0,1.84,Melanoma
1095,822,3,0,87087,65.0,384.0,377.0,231.0,87087.0,1.632,Hives
1096,823,2,0,35620,29.0,209.0,274.0,130.0,35620.0,2.108,Eczema
1097,823,2,0,28175,558.0,190.0,161.0,175.0,28175.0,0.92,Eczema
1098,824,4,0,30855,226.0,259.0,255.0,121.0,30855.0,2.107,Melanoma
1099,825,3,0,324269,0.0,0.0,719.0,451.0,324269.0,1.594,Hives
1100,826,4,0,93465,289.0,130.0,335.0,279.0,93465.0,1.201,Melanoma
1101,827,3,0,74880,199.0,23.0,390.0,192.0,74880.0,2.031,Hives
1102,828,3,0,45126,150.0,275.0,327.0,138.0,45126.0,2.37,Hives
1103,829,2,0,118980,58.0,227.0,661.0,180.0,118980.0,3.672,Eczema
1104,830,2,0,24056,133.0,224.0,194.0,124.0,24056.0,1.565,Eczema
1105,831,2,0,101880,116.0,401.0,360.0,283.0,101880.0,1.272,Eczema
1106,831,2,0,119568,100.0,23.0,376.0,318.0,119568.0,1.182,Eczema
1107,831,2,0,15402,0.0,0.0,151.0,102.0,15402.0,1.48,Eczema
1108,832,2,0,161990,0.0,72.0,485.0,334.0,161990.0,1.452,Eczema
1109,833,4,0,117150,108.0,119.0,426.0,275.0,117150.0,1.549,Melanoma
1110,834,4,0,866592,0.0,164.0,918.0,944.0,866592.0,0.972,Melanoma
1111,835,4,0,67122,130.0,84.0,226.0,297.0,67122.0,0.761,Melanoma
1112,836,4,0,4950,80.0,89.0,75.0,66.0,4950.0,1.136,Melanoma
1113,837,4,0,20355,258.0,189.0,115.0,177.0,20355.0,0.65,Melanoma
1114,837,4,0,10440,98.0,376.0,90.0,116.0,10440.0,0.776,Melanoma
1115,838,4,0,6887,196.0,312.0,97.0,71.0,6887.0,1.366,Melanoma
1116,839,3,0,103650,19.0,260.0,691.0,150.0,103650.0,4.607,Hives
1117,840,2,0,40020,266.0,45.0,276.0,145.0,40020.0,1.903,Eczema
1118,840,2,0,117585,134.0,221.0,585.0,201.0,117585.0,2.91,Eczema
1119,841,2,0,338649,0.0,0.0,719.0,471.0,338649.0,1.527,Eczema
1120,842,4,0,17152,249.0,423.0,128.0,134.0,17152.0,0.955,Melanoma
1121,843,4,0,31941,120.0,169.0,189.0,169.0,31941.0,1.118,Melanoma
1122,844,4,0,84272,118.0,66.0,229.0,368.0,84272.0,0.622,Melanoma
1123,845,4,0,3245,107.0,120.0,59.0,55.0,3245.0,1.073,Melanoma
1124,846,3,0,28864,189.0,261.0,328.0,88.0,28864.0,3.727,Hives
1125,847,3,0,104922,118.0,159.0,522.0,201.0,104922.0,2.597,Hives
1126,848,2,0,166085,148.0,0.0,563.0,295.0,166085.0,1.908,Eczema
1127,848,2,0,88382,116.0,257.0,413.0,214.0,88382.0,1.93,Eczema
1128,849,4,0,30502,141.0,170.0,151.0,202.0,30502.0,0.748,Melanoma
1129,850,2,0,20698,216.0,390.0,158.0,131.0,20698.0,1.206,Eczema
1130,850,2,0,43680,73.0,57.0,195.0,224.0,43680.0,0.871,Eczema
1131,851,4,0,30858,204.0,109.0,278.0,111.0,30858.0,2.505,Melanoma
1132,852,2,0,76152,79.0,88.0,334.0,228.0,76152.0,1.465,Eczema
1133,853,4,0,39432,302.0,142.0,186.0,212.0,39432.0,0.877,Melanoma
1134,854,4,0,540,138.0,94.0,27.0,20.0,540.0,1.35,Melanoma
1135,855,4,0,96577,74.0,67.0,247.0,391.0,96577.0,0.632,Melanoma
1136,856,4,0,25160,234.0,149.0,148.0,170.0,25160.0,0.871,Melanoma
1137,857,4,0,1100,65.0,0.0,44.0,25.0,1100.0,1.76,Melanoma
1138,857,4,0,1932,125.0,55.0,46.0,42.0,1932.0,1.095,Melanoma
1139,858,3,0,47177,156.0,149.0,247.0,191.0,47177.0,1.293,Hives
1140,859,3,0,12390,350.0,218.0,210.0,59.0,12390.0,3.559,Hives
1141,860,2,0,61074,133.0,263.0,377.0,162.0,61074.0,2.327,Eczema
1142,860,2,0,34768,230.0,114.0,328.0,106.0,34768.0,3.094,Eczema
1143,861,4,0,2205,140.0,161.0,49.0,45.0,2205.0,1.089,Melanoma
1144,861,4,0,1840,66.0,83.0,46.0,40.0,1840.0,1.15,Melanoma
1145,862,4,0,40365,137.0,164.0,207.0,195.0,40365.0,1.062,Melanoma
1146,863,2,0,28832,238.0,81.0,212.0,136.0,28832.0,1.559,Eczema
1147,864,4,0,49536,157.0,86.0,384.0,129.0,49536.0,2.977,Melanoma
1148,865,4,0,53636,111.0,158.0,212.0,253.0,53636.0,0.838,Melanoma
1149,866,4,0,6622,107.0,70.0,86.0,77.0,6622.0,1.117,Melanoma
1150,867,4,0,24038,265.0,298.0,202.0,119.0,24038.0,1.697,Melanoma
1151,868,4,0,49621,155.0,255.0,347.0,143.0,49621.0,2.427,Melanoma
1152,869,3,0,78892,126.0,92.0,326.0,242.0,78892.0,1.347,Hives
1153,870,2,0,207744,0.0,87.0,541.0,384.0,207744.0,1.409,Eczema
1154,871,2,0,61530,93.0,130.0,293.0,210.0,61530.0,1.395,Eczema
1155,871,2,0,91688,92.0,405.0,292.0,314.0,91688.0,0.93,Eczema
1156,872,2,0,105256,144.0,0.0,472.0,223.0,105256.0,2.117,Eczema
1157,872,2,0,106288,114.0,268.0,511.0,208.0,106288.0,2.457,Eczema
1158,873,2,0,234949,210.0,258.0,689.0,341.0,234949.0,2.021,Eczema
1159,874,3,0,143136,27.0,105.0,639.0,224.0,143136.0,2.853,Hives
1160,875,4,0,41382,160.0,162.0,209.0,198.0,41382.0,1.056,Melanoma
1161,876,4,0,32164,308.0,259.0,172.0,187.0,32164.0,0.92,Melanoma
1162,877,3,0,39878,404.0,214.0,254.0,157.0,39878.0,1.618,Hives
1163,878,4,0,5248,364.0,251.0,82.0,64.0,5248.0,1.281,Melanoma
1164,879,4,0,3762,130.0,70.0,57.0,66.0,3762.0,0.864,Melanoma
1165,880,2,0,125172,45.0,0.0,366.0,342.0,125172.0,1.07,Eczema
1166,880,2,0,83743,107.0,388.0,253.0,331.0,83743.0,0.764,Eczema
1167,881,3,0,70680,55.0,97.0,589.0,120.0,70680.0,4.908,Hives
1168,882,2,0,50096,214.0,158.0,248.0,202.0,50096.0,1.228,Eczema
1169,883,4,0,2666,127.0,93.0,43.0,62.0,2666.0,0.694,Melanoma
1170,884,4,0,3536,116.0,91.0,68.0,52.0,3536.0,1.308,Melanoma
1171,885,4,0,1020,163.0,163.0,34.0,30.0,1020.0,1.133,Melanoma
1172,885,4,0,1632,137.0,93.0,51.0,32.0,1632.0,1.594,Melanoma
1173,886,4,0,18542,105.0,25.0,127.0,146.0,18542.0,0.87,Melanoma
1174,887,2,0,266220,0.0,36.0,612.0,435.0,266220.0,1.407,Eczema
1175,888,4,0,3431,111.0,75.0,47.0,73.0,3431.0,0.644,Melanoma
1176,889,4,0,168630,39.0,0.0,330.0,511.0,168630.0,0.646,Melanoma
1177,890,3,0,118990,31.0,393.0,365.0,326.0,118990.0,1.12,Hives
1178,890,3,0,160425,0.0,0.0,465.0,345.0,160425.0,1.348,Hives
1179,891,2,0,178059,292.0,40.0,427.0,417.0,178059.0,1.024,Eczema
1180,892,4,0,1088,119.0,65.0,34.0,32.0,1088.0,1.062,Melanoma
1181,893,4,0,20736,82.0,24.0,144.0,144.0,20736.0,1.0,Melanoma
1182,894,3,0,45924,378.0,150.0,178.0,258.0,45924.0,0.69,Hives
1183,895,4,0,15708,268.0,136.0,187.0,84.0,15708.0,2.226,Melanoma
1184,896,4,0,5166,108.0,83.0,82.0,63.0,5166.0,1.302,Melanoma
1185,897,3,0,75456,125.0,55.0,288.0,262.0,75456.0,1.099,Hives
1186,898,3,0,156232,0.0,388.0,472.0,331.0,156232.0,1.426,Hives
1187,898,3,0,19516,92.0,95.0,119.0,164.0,19516.0,0.726,Hives
1188,899,2,0,15750,101.0,6.0,150.0,105.0,15750.0,1.429,Eczema
1189,899,2,0,18795,64.0,109.0,179.0,105.0,18795.0,1.705,Eczema
1190,900,4,0,22239,209.0,156.0,353.0,63.0,22239.0,5.603,Melanoma
1191,901,3,0,203477,0.0,195.0,719.0,283.0,203477.0,2.541,Hives
1192,902,4,0,9306,91.0,83.0,99.0,94.0,9306.0,1.053,Melanoma
1193,903,2,0,46294,0.0,30.0,293.0,158.0,46294.0,1.854,Eczema
1194,904,3,0,111150,131.0,385.0,342.0,325.0,111150.0,1.052,Hives
1195,904,3,0,54126,92.0,148.0,279.0,194.0,54126.0,1.438,Hives
1196,905,4,0,6160,84.0,88.0,77.0,80.0,6160.0,0.962,Melanoma
1197,906,3,0,109935,33.0,7.0,349.0,315.0,109935.0,1.108,Hives
1198,907,3,0,34661,237.0,270.0,253.0,137.0,34661.0,1.847,Hives
1199,907,3,0,20088,279.0,96.0,162.0,124.0,20088.0,1.306,Hives
1200,908,2,0,278216,0.0,52.0,664.0,419.0,278216.0,1.585,Eczema
1201,909,4,0,17402,70.0,58.0,154.0,113.0,17402.0,1.363,Melanoma
1202,910,3,0,100344,79.0,382.0,339.0,296.0,100344.0,1.145,Hives
1203,911,2,0,246617,0.0,56.0,719.0,343.0,246617.0,2.096,Eczema
1204,912,3,0,63595,189.0,302.0,395.0,161.0,63595.0,2.453,Hives
1205,913,2,0,16512,200.0,163.0,344.0,48.0,16512.0,7.167,Eczema
1206,913,2,0,31570,565.0,106.0,154.0,205.0,31570.0,0.751,Eczema
1207,913,2,0,35046,198.0,264.0,354.0,99.0,35046.0,3.576,Eczema
1208,914,3,0,32984,135.0,323.0,434.0,76.0,32984.0,5.711,Hives
1209,915,2,0,58400,1.0,0.0,292.0,200.0,58400.0,1.46,Eczema
1210,916,4,0,11900,114.0,418.0,100.0,119.0,11900.0,0.84,Melanoma
1211,917,3,0,51898,125.0,60.0,337.0,154.0,51898.0,2.188,Hives
1212,918,2,0,46872,178.0,266.0,378.0,124.0,46872.0,3.048,Eczema
1213,918,2,0,167024,135.0,46.0,584.0,286.0,167024.0,2.042,Eczema
1214,919,4,0,896,146.0,108.0,32.0,28.0,896.0,1.143,Melanoma
1215,920,2,0,267036,0.0,158.0,476.0,561.0,267036.0,0.848,Eczema
1216,921,3,0,74108,20.0,178.0,194.0,382.0,74108.0,0.508,Hives
1217,921,3,0,251136,219.0,18.0,436.0,576.0,251136.0,0.757,Hives
1218,922,2,0,6720,63.0,42.0,80.0,84.0,6720.0,0.952,Eczema
1219,923,2,0,40533,52.0,44.0,229.0,177.0,40533.0,1.294,Eczema
1220,924,3,0,401419,0.0,23.0,713.0,563.0,401419.0,1.266,Hives
1221,925,2,0,52910,120.0,52.0,185.0,286.0,52910.0,0.647,Eczema
1222,925,2,0,59430,81.0,436.0,210.0,283.0,59430.0,0.742,Eczema
1223,926,3,0,76728,131.0,392.0,278.0,276.0,76728.0,1.007,Hives
1224,926,3,0,19920,279.0,176.0,166.0,120.0,19920.0,1.383,Hives
1225,926,3,0,26208,271.0,0.0,182.0,144.0,26208.0,1.264,Hives
1226,927,3,0,30959,37.0,366.0,373.0,83.0,30959.0,4.494,Hives
1227,927,3,0,21253,17.0,0.0,401.0,53.0,21253.0,7.566,Hives
1228,927,3,0,220170,0.0,28.0,615.0,358.0,220170.0,1.718,Hives
1229,928,4,0,21744,97.0,42.0,144.0,151.0,21744.0,0.954,Melanoma
1230,929,2,0,7614,187.0,159.0,141.0,54.0,7614.0,2.611,Eczema
1231,929,2,0,11730,442.0,276.0,102.0,115.0,11730.0,0.887,Eczema
1232,929,2,0,31752,454.0,131.0,216.0,147.0,31752.0,1.469,Eczema
1233,930,3,0,104610,57.0,27.0,330.0,317.0,104610.0,1.041,Hives
1234,931,4,0,1836,110.0,129.0,51.0,36.0,1836.0,1.417,Melanoma
1235,932,3,0,121472,87.0,20.0,416.0,292.0,121472.0,1.425,Hives
1236,933,2,0,11907,0.0,0.0,81.0,147.0,11907.0,0.551,Eczema
1237,933,2,0,27825,90.0,0.0,175.0,159.0,27825.0,1.101,Eczema
1238,934,4,0,150696,54.0,22.0,364.0,414.0,150696.0,0.879,Melanoma
1239,935,3,0,152520,51.0,116.0,615.0,248.0,152520.0,2.48,Hives
1240,936,2,0,55029,0.0,0.0,249.0,221.0,55029.0,1.127,Eczema
1241,937,4,0,22274,248.0,129.0,259.0,86.0,22274.0,3.012,Melanoma
1242,938,4,0,84320,73.0,105.0,272.0,310.0,84320.0,0.877,Melanoma
1243,939,3,0,35492,70.0,258.0,467.0,76.0,35492.0,6.145,Hives
1244,940,2,0,64753,0.0,0.0,293.0,221.0,64753.0,1.326,Eczema
1245,941,3,0,66660,126.0,91.0,505.0,132.0,66660.0,3.826,Hives
1246,942,2,0,339840,0.0,0.0,720.0,472.0,339840.0,1.525,Eczema
1247,943,4,0,52624,231.0,29.0,299.0,176.0,52624.0,1.699,Melanoma
1248,944,3,0,22960,116.0,41.0,164.0,140.0,22960.0,1.171,Hives
1249,945,4,0,6808,69.0,19.0,74.0,92.0,6808.0,0.804,Melanoma
1250,946,2,0,62543,0.0,0.0,283.0,221.0,62543.0,1.281,Eczema
1251,947,2,0,45571,142.0,51.0,199.0,229.0,45571.0,0.869,Eczema
1252,948,3,0,276100,21.0,45.0,550.0,502.0,276100.0,1.096,Hives
1253,948,3,0,117458,111.0,382.0,418.0,281.0,117458.0,1.488,Hives
1254,949,4,0,15453,217.0,176.0,101.0,153.0,15453.0,0.66,Melanoma
1255,950,3,0,43758,101.0,140.0,234.0,187.0,43758.0,1.251,Hives
1256,951,3,0,110400,73.0,0.0,320.0,345.0,110400.0,0.928,Hives
1257,951,3,0,34048,52.0,591.0,304.0,112.0,34048.0,2.714,Hives
1258,952,2,0,18249,0.0,75.0,231.0,79.0,18249.0,2.924,Eczema
1259,953,2,0,22072,224.0,133.0,248.0,89.0,22072.0,2.787,Eczema
1260,953,2,0,17388,235.0,264.0,252.0,69.0,17388.0,3.652,Eczema
1261,954,3,0,7440,521.0,109.0,93.0,80.0,7440.0,1.162,Hives
1262,955,4,0,21312,156.0,156.0,148.0,144.0,21312.0,1.028,Melanoma
1263,956,4,0,24320,171.0,201.0,190.0,128.0,24320.0,1.484,Melanoma
1264,957,3,0,3182,82.0,204.0,43.0,74.0,3182.0,0.581,Hives
1265,958,4,0,15252,91.0,62.0,124.0,123.0,15252.0,1.008,Melanoma
1266,959,4,0,15198,44.0,82.0,149.0,102.0,15198.0,1.461,Melanoma
1267,960,4,0,28336,77.0,22.0,154.0,184.0,28336.0,0.837,Melanoma
1268,961,4,0,34571,156.0,139.0,181.0,191.0,34571.0,0.948,Melanoma
1269,962,3,0,9300,495.0,170.0,75.0,124.0,9300.0,0.605,Hives
1270,963,3,0,135072,92.0,383.0,402.0,336.0,135072.0,1.196,Hives
1271,963,3,0,32160,461.0,285.0,96.0,335.0,32160.0,0.287,Hives
1272,964,3,0,61710,112.0,116.0,561.0,110.0,61710.0,5.1,Hives
1273,965,2,0,7831,38.0,13.0,191.0,41.0,7831.0,4.659,Eczema
1274,966,4,0,71225,137.0,85.0,259.0,275.0,71225.0,0.942,Melanoma
1275,967,3,0,72048,178.0,123.0,456.0,158.0,72048.0,2.886,Hives
1276,968,2,0,64753,0.0,0.0,293.0,221.0,64753.0,1.326,Eczema
1277,969,2,0,63206,0.0,0.0,286.0,221.0,63206.0,1.294,Eczema
1278,970,2,0,3666,120.0,48.0,78.0,47.0,3666.0,1.66,Eczema
1279,970,2,0,5952,95.0,137.0,96.0,62.0,5952.0,1.548,Eczema
1280,971,4,0,58936,124.0,129.0,278.0,212.0,58936.0,1.311,Melanoma
1281,972,4,0,4225,202.0,331.0,65.0,65.0,4225.0,1.0,Melanoma
1282,973,4,0,97000,154.0,57.0,250.0,388.0,97000.0,0.644,Melanoma
1283,974,3,0,15730,441.0,166.0,242.0,65.0,15730.0,3.723,Hives
1284,975,3,0,224322,0.0,0.0,654.0,343.0,224322.0,1.907,Hives
1285,976,3,0,81400,80.0,20.0,296.0,275.0,81400.0,1.076,Hives
1286,977,3,0,55118,161.0,273.0,434.0,127.0,55118.0,3.417,Hives
1287,978,2,0,51240,13.0,28.0,280.0,183.0,51240.0,1.53,Eczema
1288,979,2,0,33825,0.0,60.0,275.0,123.0,33825.0,2.236,Eczema
1289,980,4,0,43362,172.0,97.0,198.0,219.0,43362.0,0.904,Melanoma
1290,981,2,0,5525,104.0,133.0,85.0,65.0,5525.0,1.308,Eczema
1291,981,2,0,4032,126.0,41.0,72.0,56.0,4032.0,1.286,Eczema
1292,982,3,0,106639,56.0,54.0,631.0,169.0,106639.0,3.734,Hives
1293,983,3,0,61237,105.0,123.0,293.0,209.0,61237.0,1.402,Hives
1294,984,3,0,25872,276.0,498.0,154.0,168.0,25872.0,0.917,Hives
1295,985,2,0,7784,174.0,71.0,56.0,139.0,7784.0,0.403,Eczema
1296,985,2,0,7316,85.0,90.0,59.0,124.0,7316.0,0.476,Eczema
1297,986,2,0,62196,0.0,0.0,284.0,219.0,62196.0,1.297,Eczema
1298,987,4,0,3835,108.0,80.0,65.0,59.0,3835.0,1.102,Melanoma
1299,988,2,0,2914,246.0,17.0,47.0,62.0,2914.0,0.758,Eczema
1300,988,2,0,19206,0.0,0.0,198.0,97.0,19206.0,2.041,Eczema
1301,989,3,0,69692,61.0,20.0,262.0,266.0,69692.0,0.985,Hives
1302,990,3,0,138229,10.0,0.0,403.0,343.0,138229.0,1.175,Hives
1303,990,3,0,103994,89.0,393.0,319.0,326.0,103994.0,0.979,Hives
1304,991,4,0,118065,114.0,9.0,255.0,463.0,118065.0,0.551,Melanoma
1305,992,4,0,21896,187.0,185.0,119.0,184.0,21896.0,0.647,Melanoma
1306,993,2,0,339840,0.0,0.0,720.0,472.0,339840.0,1.525,Eczema
1307,994,4,0,73628,148.0,79.0,233.0,316.0,73628.0,0.737,Melanoma
1308,995,4,0,59292,150.0,82.0,243.0,244.0,59292.0,0.996,Melanoma
1309,996,1,0,30750,74.0,19.0,150.0,205.0,30750.0,0.732,ChickenPox
1310,997,2,0,19170,4.0,79.0,135.0,142.0,19170.0,0.951,Eczema
1311,997,2,0,29614,159.0,0.0,134.0,221.0,29614.0,0.606,Eczema
1312,998,1,0,1131,106.0,93.0,29.0,39.0,1131.0,0.744,ChickenPox
1313,998,1,0,736,52.0,114.0,32.0,23.0,736.0,1.391,ChickenPox
1314,998,1,0,864,147.0,82.0,27.0,32.0,864.0,0.844,ChickenPox
1315,998,1,0,1386,52.0,78.0,42.0,33.0,1386.0,1.273,ChickenPox
1316,999,2,0,31680,79.0,0.0,180.0,176.0,31680.0,1.023,Eczema
1317,1000,4,0,43690,151.0,142.0,170.0,257.0,43690.0,0.661,Melanoma
1318,1001,4,0,50882,136.0,133.0,206.0,247.0,50882.0,0.834,Melanoma
1319,1002,4,0,71604,148.0,91.0,234.0,306.0,71604.0,0.765,Melanoma
1320,1003,2,0,41008,30.0,25.0,233.0,176.0,41008.0,1.324,Eczema
1321,1004,2,0,37797,0.0,45.0,293.0,129.0,37797.0,2.271,Eczema
1322,1005,3,0,86982,970.0,307.0,266.0,327.0,86982.0,0.813,Hives
1323,1005,3,0,350112,505.0,0.0,672.0,521.0,350112.0,1.29,Hives
1324,1006,4,0,67295,173.0,111.0,215.0,313.0,67295.0,0.687,Melanoma
1325,1007,4,0,33660,154.0,132.0,180.0,187.0,33660.0,0.963,Melanoma
1326,1008,3,0,141750,13.0,11.0,675.0,210.0,141750.0,3.214,Hives
1327,1009,2,0,62995,0.0,0.0,293.0,215.0,62995.0,1.363,Eczema
1328,1010,2,0,33150,95.0,0.0,150.0,221.0,33150.0,0.679,Eczema
1329,1011,2,0,131206,17.0,384.0,454.0,289.0,131206.0,1.571,Eczema
1330,1011,2,0,163268,0.0,0.0,476.0,343.0,163268.0,1.388,Eczema
1331,1012,2,0,28016,22.0,0.0,136.0,206.0,28016.0,0.66,Eczema
1332,1013,3,0,89452,195.0,265.0,428.0,209.0,89452.0,2.048,Hives
1333,1014,3,0,17820,76.0,22.0,132.0,135.0,17820.0,0.978,Hives
1334,1015,1,0,650,140.0,112.0,26.0,25.0,650.0,1.04,ChickenPox
1335,1015,1,0,442,107.0,136.0,17.0,26.0,442.0,0.654,ChickenPox
1336,1016,1,0,667,93.0,179.0,23.0,29.0,667.0,0.793,ChickenPox
1337,1016,1,0,272,124.0,204.0,17.0,16.0,272.0,1.062,ChickenPox
1338,1016,1,0,552,132.0,182.0,23.0,24.0,552.0,0.958,ChickenPox
1339,1016,1,0,952,121.0,74.0,28.0,34.0,952.0,0.824,ChickenPox
1340,1017,2,0,48500,31.0,7.0,250.0,194.0,48500.0,1.289,Eczema
1341,1018,3,0,165155,0.0,0.0,493.0,335.0,165155.0,1.472,Hives
1342,1019,3,0,754800,0.0,0.0,1200.0,629.0,754800.0,1.908,Hives
1343,1020,2,0,27985,0.0,0.0,193.0,145.0,27985.0,1.331,Eczema
1344,1021,1,0,4740,93.0,47.0,79.0,60.0,4740.0,1.317,ChickenPox
1345,1021,1,0,2814,58.0,113.0,42.0,67.0,2814.0,0.627,ChickenPox
1346,1022,2,0,196775,498.0,205.0,425.0,463.0,196775.0,0.918,Eczema
1347,1023,4,0,102565,56.0,134.0,365.0,281.0,102565.0,1.299,Melanoma
1348,1024,1,0,6080,33.0,22.0,76.0,80.0,6080.0,0.95,ChickenPox
1349,1024,1,0,3040,81.0,121.0,80.0,38.0,3040.0,2.105,ChickenPox
1350,1025,1,0,1428,50.0,190.0,42.0,34.0,1428.0,1.235,ChickenPox
1351,1025,1,0,960,107.0,187.0,30.0,32.0,960.0,0.938,ChickenPox
1352,1026,3,0,767120,1473.0,0.0,892.0,860.0,767120.0,1.037,Hives
1353,1027,1,0,3780,24.0,66.0,60.0,63.0,3780.0,0.952,ChickenPox
1354,1027,1,0,27550,45.0,34.0,145.0,190.0,27550.0,0.763,ChickenPox
1355,1028,1,0,28557,28.0,57.0,171.0,167.0,28557.0,1.024,ChickenPox
1356,1028,1,0,6720,66.0,2.0,84.0,80.0,6720.0,1.05,ChickenPox
1357,1028,1,0,4374,4.0,64.0,54.0,81.0,4374.0,0.667,ChickenPox
1358,1029,2,0,64090,3.0,0.0,290.0,221.0,64090.0,1.312,Eczema
1359,1030,1,0,542544,0.0,0.0,762.0,712.0,542544.0,1.07,ChickenPox
1360,1030,1,0,49896,953.0,467.0,216.0,231.0,49896.0,0.935,ChickenPox
1361,1030,1,0,27336,898.0,282.0,136.0,201.0,27336.0,0.677,ChickenPox
1362,1030,1,0,8733,670.0,595.0,123.0,71.0,8733.0,1.732,ChickenPox
1363,1030,1,0,31313,901.0,91.0,181.0,173.0,31313.0,1.046,ChickenPox
1364,1031,3,0,464412,1.0,186.0,916.0,507.0,464412.0,1.807,Hives
1365,1032,3,0,71760,142.0,477.0,390.0,184.0,71760.0,2.12,Hives
1366,1032,3,0,90201,210.0,176.0,321.0,281.0,90201.0,1.142,Hives
1367,1032,3,0,73304,261.0,0.0,476.0,154.0,73304.0,3.091,Hives
1368,1033,1,0,6552,146.0,31.0,78.0,84.0,6552.0,0.929,ChickenPox
1369,1033,1,0,6528,74.0,86.0,96.0,68.0,6528.0,1.412,ChickenPox
1370,1033,1,0,3630,8.0,139.0,66.0,55.0,3630.0,1.2,ChickenPox
1371,1034,3,0,104302,105.0,257.0,431.0,242.0,104302.0,1.781,Hives
1372,1034,3,0,62418,155.0,32.0,309.0,202.0,62418.0,1.53,Hives
1373,1035,1,0,240,138.0,174.0,15.0,16.0,240.0,0.938,ChickenPox
1374,1035,1,0,255,132.0,96.0,15.0,17.0,255.0,0.882,ChickenPox
1375,1035,1,0,494,146.0,107.0,19.0,26.0,494.0,0.731,ChickenPox
1376,1035,1,0,304,129.0,153.0,16.0,19.0,304.0,0.842,ChickenPox
1377,1035,1,0,340,129.0,120.0,17.0,20.0,340.0,0.85,ChickenPox
1378,1035,1,0,182,143.0,148.0,13.0,14.0,182.0,0.929,ChickenPox
1379,1036,3,0,164745,100.0,23.0,315.0,523.0,164745.0,0.602,Hives
1380,1037,3,0,404625,0.0,70.0,415.0,975.0,404625.0,0.426,Hives
1381,1037,3,0,159993,303.0,182.0,261.0,613.0,159993.0,0.426,Hives
1382,1038,1,0,34410,627.0,209.0,111.0,310.0,34410.0,0.358,ChickenPox
1383,1038,1,0,21624,404.0,206.0,212.0,102.0,21624.0,2.078,ChickenPox
1384,1038,1,0,15151,145.0,175.0,139.0,109.0,15151.0,1.275,ChickenPox
1385,1038,1,0,12328,161.0,385.0,92.0,134.0,12328.0,0.687,ChickenPox
1386,1038,1,0,10260,328.0,418.0,108.0,95.0,10260.0,1.137,ChickenPox
1387,1038,1,0,9727,347.0,93.0,137.0,71.0,9727.0,1.93,ChickenPox
1388,1038,1,0,22330,289.0,198.0,110.0,203.0,22330.0,0.542,ChickenPox
1389,1039,3,0,13344,712.0,745.0,96.0,139.0,13344.0,0.691,Hives
1390,1039,3,0,293112,329.0,0.0,354.0,828.0,293112.0,0.428,Hives
1391,1039,3,0,5360,579.0,567.0,80.0,67.0,5360.0,1.194,Hives
1392,1039,3,0,6776,475.0,661.0,88.0,77.0,6776.0,1.143,Hives
1393,1040,1,0,2585,89.0,101.0,47.0,55.0,2585.0,0.855,ChickenPox
1394,1040,1,0,5104,131.0,67.0,58.0,88.0,5104.0,0.659,ChickenPox
1395,1040,1,0,2401,82.0,62.0,49.0,49.0,2401.0,1.0,ChickenPox
1396,1040,1,0,2494,96.0,49.0,58.0,43.0,2494.0,1.349,ChickenPox
1397,1041,3,0,1856946,0.0,166.0,1074.0,1729.0,1856946.0,0.621,Hives
1398,1042,3,0,111132,363.0,117.0,294.0,378.0,111132.0,0.778,Hives
1399,1043,3,0,20856,116.0,150.0,158.0,132.0,20856.0,1.197,Hives
1400,1043,3,0,10388,14.0,194.0,98.0,106.0,10388.0,0.925,Hives
1401,1043,3,0,14444,112.0,59.0,157.0,92.0,14444.0,1.707,Hives
1402,1043,3,0,4532,173.0,0.0,103.0,44.0,4532.0,2.341,Hives
1403,1043,3,0,5472,21.0,0.0,96.0,57.0,5472.0,1.684,Hives
1404,1044,3,0,36115,0.0,48.0,155.0,233.0,36115.0,0.665,Hives
1405,1044,3,0,59570,139.0,31.0,230.0,259.0,59570.0,0.888,Hives
1406,1045,3,0,681296,1052.0,1260.0,1264.0,539.0,681296.0,2.345,Hives
1407,1045,3,0,643080,1042.0,108.0,1165.0,552.0,643080.0,2.111,Hives
1408,1045,3,0,233766,141.0,84.0,333.0,702.0,233766.0,0.474,Hives
1409,1046,1,0,15960,61.0,84.0,114.0,140.0,15960.0,0.814,ChickenPox
1410,1046,1,0,44178,19.0,0.0,199.0,222.0,44178.0,0.896,ChickenPox
1411,1047,1,0,16400,4.0,24.0,82.0,200.0,16400.0,0.41,ChickenPox
1412,1047,1,0,4941,114.0,54.0,61.0,81.0,4941.0,0.753,ChickenPox
1413,1048,1,0,5280,46.0,158.0,80.0,66.0,5280.0,1.212,ChickenPox
1414,1048,1,0,10764,84.0,52.0,92.0,117.0,10764.0,0.786,ChickenPox
1415,1049,3,0,74333,0.0,7.0,287.0,259.0,74333.0,1.108,Hives
1416,1050,3,0,179625,159.0,54.0,479.0,375.0,179625.0,1.277,Hives
1417,1051,1,0,22770,5.0,1.0,207.0,110.0,22770.0,1.882,ChickenPox
1418,1051,1,0,14768,38.0,120.0,142.0,104.0,14768.0,1.365,ChickenPox
1419,1052,3,0,757200,0.0,146.0,1200.0,631.0,757200.0,1.902,Hives
1420,1053,3,0,102363,31.0,123.0,447.0,229.0,102363.0,1.952,Hives
1421,1054,1,0,1404,113.0,197.0,52.0,27.0,1404.0,1.926,ChickenPox
1422,1054,1,0,1012,150.0,158.0,23.0,44.0,1012.0,0.523,ChickenPox
1423,1055,3,0,209790,145.0,56.0,567.0,370.0,209790.0,1.532,Hives
1424,1056,1,0,25530,17.0,1.0,115.0,222.0,25530.0,0.518,ChickenPox
1425,1056,1,0,6968,147.0,54.0,67.0,104.0,6968.0,0.644,ChickenPox
1426,1056,1,0,5395,141.0,159.0,83.0,65.0,5395.0,1.277,ChickenPox
1427,1057,3,0,402990,0.0,27.0,798.0,505.0,402990.0,1.58,Hives
1428,1058,3,0,89700,0.0,0.0,299.0,300.0,89700.0,0.997,Hives
1429,1059,1,0,5700,89.0,94.0,60.0,95.0,5700.0,0.632,ChickenPox
1430,1060,3,0,41377,0.0,4.0,257.0,161.0,41377.0,1.596,Hives
1431,1061,1,0,4876,62.0,65.0,92.0,53.0,4876.0,1.736,ChickenPox
1432,1061,1,0,2208,0.0,36.0,24.0,92.0,2208.0,0.261,ChickenPox
1433,1062,3,0,375192,67.0,0.0,579.0,648.0,375192.0,0.894,Hives
1434,1063,3,0,1051152,3.0,414.0,1077.0,976.0,1051152.0,1.103,Hives
1435,1064,3,0,27695,218.0,128.0,191.0,145.0,27695.0,1.317,Hives
1436,1065,1,0,418,108.0,26.0,19.0,22.0,418.0,0.864,ChickenPox
1437,1065,1,0,756,27.0,64.0,27.0,28.0,756.0,0.964,ChickenPox
1438,1065,1,0,380,66.0,75.0,20.0,19.0,380.0,1.053,ChickenPox
1439,1065,1,0,315,94.0,88.0,15.0,21.0,315.0,0.714,ChickenPox
1440,1065,1,0,483,53.0,141.0,21.0,23.0,483.0,0.913,ChickenPox
1441,1065,1,0,352,115.0,146.0,16.0,22.0,352.0,0.727,ChickenPox
1442,1066,1,0,21128,12.0,85.0,152.0,139.0,21128.0,1.094,ChickenPox
1443,1067,1,0,3828,103.0,96.0,66.0,58.0,3828.0,1.138,ChickenPox
1444,1067,1,0,4788,43.0,126.0,63.0,76.0,4788.0,0.829,ChickenPox
1445,1067,1,0,3468,24.0,74.0,51.0,68.0,3468.0,0.75,ChickenPox
1446,1067,1,0,1050,69.0,46.0,42.0,25.0,1050.0,1.68,ChickenPox
1447,1068,1,0,18700,10.0,96.0,170.0,110.0,18700.0,1.545,ChickenPox
1448,1069,3,0,10807,227.0,83.0,107.0,101.0,10807.0,1.059,Hives
1449,1069,3,0,12567,221.0,229.0,177.0,71.0,12567.0,2.493,Hives
1450,1069,3,0,3468,121.0,59.0,68.0,51.0,3468.0,1.333,Hives
1451,1070,3,0,94128,134.0,77.0,424.0,222.0,94128.0,1.91,Hives
1452,1071,3,0,67646,396.0,667.0,227.0,298.0,67646.0,0.762,Hives
1453,1071,3,0,43500,217.0,736.0,174.0,250.0,43500.0,0.696,Hives
1454,1071,3,0,18515,67.0,389.0,115.0,161.0,18515.0,0.714,Hives
1455,1071,3,0,30378,47.0,105.0,122.0,249.0,30378.0,0.49,Hives
1456,1071,3,0,252390,134.0,123.0,470.0,537.0,252390.0,0.875,Hives
1457,1072,1,0,1226291,148.0,117.0,851.0,1441.0,1226291.0,0.591,ChickenPox
1458,1073,3,0,2227770,13.0,206.0,2007.0,1110.0,2227770.0,1.808,Hives
1459,1074,3,0,61901,31.0,81.0,239.0,259.0,61901.0,0.923,Hives
1460,1074,3,0,135792,77.0,160.0,414.0,328.0,135792.0,1.262,Hives
1461,1075,3,0,303600,284.0,0.0,506.0,600.0,303600.0,0.843,Hives
1462,1075,3,0,25344,0.0,98.0,192.0,132.0,25344.0,1.455,Hives
1463,1076,3,0,156414,42.0,149.0,393.0,398.0,156414.0,0.987,Hives
1464,1076,3,0,138450,57.0,0.0,426.0,325.0,138450.0,1.311,Hives
1465,1077,1,0,2156,180.0,0.0,44.0,49.0,2156.0,0.898,ChickenPox
1466,1077,1,0,33152,31.0,0.0,148.0,224.0,33152.0,0.661,ChickenPox
1467,1077,1,0,17460,127.0,44.0,97.0,180.0,17460.0,0.539,ChickenPox
1468,1078,3,0,45458,0.0,0.0,238.0,191.0,45458.0,1.246,Hives
1469,1079,1,0,3540,5.0,14.0,59.0,60.0,3540.0,0.983,ChickenPox
1470,1079,1,0,5368,106.0,83.0,61.0,88.0,5368.0,0.693,ChickenPox
1471,1080,3,0,268259,53.0,23.0,587.0,457.0,268259.0,1.284,Hives
1472,1081,3,0,544806,0.0,21.0,1026.0,531.0,544806.0,1.932,Hives
1473,1082,3,0,23004,56.0,205.0,162.0,142.0,23004.0,1.141,Hives
1474,1082,3,0,93240,300.0,260.0,360.0,259.0,93240.0,1.39,Hives
